invoice_no,wholesaler_id,age,gender,Product,quantity,price,payment_method,invoice_date,shopping_mall
I138884,C241288,28,Female,chocolate milk,5,1500.4,Credit Card,05/08/2022,Kanyon
I317333,C111565,21,Male,Pasteurized milk 3.0% mg,3,1800.51,Debit Card,12/12/2021,Forum Istanbul
I127801,C266599,20,Male,Pasteurized milk 2.5% mg,1,300.08,Cash,09/11/2021,Metrocity
I173702,C988172,66,Female,Skimmed pasteurized milk,5,3000.85,Credit Card,16/05/2021,Metropol AVM
I337046,C189076,53,Female,Sterilized whole milk,4,60.6,Cash,24/10/2021,Kanyon
I227836,C657758,28,Female,Sterilized semi-skimmed milk,5,1500.4,Credit Card,24/05/2022,Forum Istanbul
I121056,C151197,49,Female,Sterilized skimmed milk,1,40.66,Cash,13/03/2022,Istinye Park
I293112,C176086,32,Female,Flavored sterilized milk,2,600.16,Credit Card,13/01/2021,Mall of Istanbul
I293455,C159642,69,Male,Powdered milk 28% mg,3,900.24,Credit Card,04/11/2021,Metrocity
I326945,C283361,60,Female,Powdered milk 26% mg,2,600.16,Credit Card,22/08/2021,Kanyon
I306368,C240286,36,Female,Powdered milk 18% mg,2,10.46,Cash,25/12/2022,Metrocity
I139207,C191708,29,Female,Powdered milk 20% mg,1,15.15,Credit Card,28/10/2022,Emaar Square Mall
I640508,C225330,67,Female,Powdered milk 12% mg,4,143.36,Debit Card,31/07/2022,Metrocity
I179802,C312861,25,Male,Skimmed powdered milk,2,600.16,Cash,17/11/2022,Cevahir AVM
I336189,C555402,67,Female,Total powdered milk,2,600.16,Credit Card,03/06/2022,Kanyon
I688768,C362288,24,Male,Yogurt,5,3000.85,Credit Card,07/11/2021,Viaport Outlet
I294687,C300786,65,Male,Cultured milk,2,30.3,Debit Card,16/01/2021,Metrocity
I195744,C330667,42,Female,Small cheese,3,15.69,Credit Card,05/01/2022,Zorlu Center
I993048,C218149,46,Female,Cheese,2,600.16,Cash,26/07/2021,Metropol AVM
I992454,C196845,24,Male,Cream,4,143.36,Cash,07/03/2023,Cevahir AVM
I183746,C220180,23,Male,Butter,1,300.08,Credit Card,15/02/2023,Emaar Square Mall
I412481,C125696,27,Female,Powdered whey,1,5.23,Cash,01/05/2021,Cevahir AVM
I823067,C322947,52,Male,Condensed milk,2,600.16,Credit Card,18/06/2022,Cevahir AVM
I252275,C313348,44,Male,Sweetened condensed milk,5,5250,Cash,26/10/2021,Kanyon
I174250,C204553,42,Female,Modified milk,5,75.75,Cash,16/12/2022,Metrocity
I195396,C285161,51,Male,Evaporated milk,2,71.68,Debit Card,16/05/2021,Istinye Park
I196704,C289625,25,Female,chocolate milk,5,203.3,Credit Card,20/04/2022,Mall of Istanbul
I217053,C192344,50,Male,Pasteurized milk 3.0% mg,4,2400.68,Cash,10/10/2022,Emaar Square Mall
I655874,C447138,65,Female,Pasteurized milk 2.5% mg,3,1800.51,Cash,23/08/2022,Cevahir AVM
I209744,C251229,29,Male,Skimmed pasteurized milk,3,121.98,Credit Card,29/04/2021,Istinye Park
I161949,C159164,66,Female,Sterilized whole milk,3,107.52,Debit Card,04/07/2022,Mall of Istanbul
I331891,C501658,23,Male,Sterilized semi-skimmed milk,1,300.08,Credit Card,21/11/2021,Emaar Square Mall
I768348,C176727,32,Female,Sterilized skimmed milk,3,1800.51,Credit Card,23/02/2022,Kanyon
I109053,C232624,51,Male,Flavored sterilized milk,4,1200.32,Debit Card,11/07/2021,Metrocity
I167211,C164092,66,Female,Powdered milk 28% mg,4,2400.68,Credit Card,30/08/2022,Zorlu Center
I339732,C276887,68,Male,Powdered milk 26% mg,1,5.23,Credit Card,04/01/2023,Emaar Square Mall
I147062,C245456,43,Male,Powdered milk 18% mg,5,1500.4,Credit Card,21/06/2022,Kanyon
I187519,C450287,59,Female,Powdered milk 20% mg,2,600.16,Credit Card,08/07/2022,Metrocity
I106674,C204279,54,Male,Powdered milk 12% mg,2,600.16,Cash,27/02/2022,Kanyon
I473411,C452806,24,Male,Skimmed powdered milk,1,300.08,Cash,19/12/2022,Metropol AVM
I246550,C716788,49,Female,Total powdered milk,3,15.69,Cash,10/09/2021,Zorlu Center
I138674,C155059,67,Male,Yogurt,2,81.32,Credit Card,14/02/2022,Metropol AVM
I752693,C306662,48,Female,Cultured milk,3,121.98,Cash,28/04/2022,Metrocity
I826174,C607615,40,Female,Small cheese,4,2400.68,Cash,20/06/2022,Metrocity
I296025,C120164,41,Female,Cheese,3,1800.51,Credit Card,21/04/2022,Kanyon
I117291,C134449,46,Male,Cream,5,75.75,Credit Card,09/12/2022,Zorlu Center
I267193,C317818,19,Female,Butter,3,121.98,Credit Card,12/01/2023,Mall of Istanbul
I205366,C241642,43,Female,Powdered whey,4,1200.32,Debit Card,07/11/2022,Zorlu Center
I269690,C126436,18,Male,Condensed milk,3,121.98,Debit Card,07/02/2022,Zorlu Center
I304265,C653385,22,Female,Sweetened condensed milk,5,75.75,Debit Card,13/06/2021,Forum Istanbul
I246562,C227070,61,Female,Modified milk,5,203.3,Cash,23/08/2021,Emaar Square Mall
I202367,C317478,41,Female,Evaporated milk,3,45.45,Cash,24/02/2023,Istinye Park
I664787,C237330,53,Female,chocolate milk,2,81.32,Credit Card,12/01/2023,Istinye Park
I160777,C626042,43,Female,Pasteurized milk 3.0% mg,4,4200,Cash,22/02/2022,Metrocity
I137794,C133687,45,Female,Pasteurized milk 2.5% mg,3,15.69,Debit Card,12/03/2021,Viaport Outlet
I148377,C841663,29,Female,Skimmed pasteurized milk,1,300.08,Cash,02/01/2022,Istinye Park
I258195,C213742,43,Male,Sterilized whole milk,2,71.68,Cash,26/11/2021,Kanyon
I300213,C962515,19,Female,Sterilized semi-skimmed milk,4,1200.32,Credit Card,21/04/2021,Kanyon
I263803,C112279,67,Female,Sterilized skimmed milk,3,15.69,Cash,23/06/2021,Kanyon
I335713,C158837,36,Female,Flavored sterilized milk,4,60.6,Cash,14/12/2021,Kanyon
I133061,C336576,64,Male,Powdered milk 28% mg,5,1500.4,Credit Card,09/06/2022,Mall of Istanbul
I207205,C716161,33,Female,Powdered milk 26% mg,1,300.08,Debit Card,26/11/2021,Kanyon
I209289,C439382,33,Female,Powdered milk 18% mg,4,1200.32,Credit Card,05/02/2021,Kanyon
I157285,C123427,66,Male,Powdered milk 20% mg,4,1200.32,Cash,06/03/2022,Mall of Istanbul
I218590,C224743,29,Female,Powdered milk 12% mg,4,162.64,Debit Card,09/05/2022,Metropol AVM
I181109,C119549,22,Male,Skimmed powdered milk,3,107.52,Cash,17/10/2022,Mall of Istanbul
I221715,C187266,63,Female,Total powdered milk,3,15.69,Cash,22/01/2022,Cevahir AVM
I204979,C173084,24,Female,Yogurt,5,58.65,Debit Card,14/03/2021,Istinye Park
I115146,C126956,24,Female,Cultured milk,5,203.3,Cash,27/04/2022,Metrocity
I883721,C236859,44,Female,Small cheese,5,5250,Credit Card,19/11/2021,Mall of Istanbul
I402376,C309926,34,Male,Cheese,5,3000.85,Cash,10/09/2022,Forum Istanbul
I251356,C493252,47,Female,Cream,4,162.64,Cash,04/09/2021,Kanyon
I292239,C109871,38,Male,Butter,5,26.15,Cash,21/08/2022,Mall of Istanbul
I276526,C136117,57,Female,Powdered whey,5,3000.85,Debit Card,02/10/2021,Emaar Square Mall
I260525,C258404,67,Male,Condensed milk,3,107.52,Cash,07/01/2023,Emaar Square Mall
I870944,C169749,41,Male,Sweetened condensed milk,3,35.19,Credit Card,08/06/2021,Cevahir AVM
I739573,C199947,40,Female,Modified milk,5,1500.4,Debit Card,17/04/2021,Kanyon
I115870,C135790,69,Female,Evaporated milk,4,2400.68,Cash,04/09/2021,Metrocity
I190444,C606418,47,Female,chocolate milk,5,26.15,Cash,20/07/2022,Mall of Istanbul
I309552,C111611,53,Female,Pasteurized milk 3.0% mg,4,20.92,Credit Card,14/07/2021,Istinye Park
I306076,C679476,40,Male,Pasteurized milk 2.5% mg,2,71.68,Cash,01/11/2022,Emaar Square Mall
I321683,C542025,60,Male,Skimmed pasteurized milk,4,162.64,Credit Card,06/01/2023,Metrocity
I151332,C168491,30,Male,Sterilized whole milk,2,23.46,Cash,25/03/2021,Kanyon
I340014,C169650,66,Female,Sterilized semi-skimmed milk,2,600.16,Credit Card,08/09/2022,Istinye Park
I249424,C158160,22,Male,Sterilized skimmed milk,1,5.23,Cash,18/02/2022,Mall of Istanbul
I227716,C552345,53,Male,Flavored sterilized milk,2,10.46,Cash,22/04/2021,Kanyon
I140663,C218383,52,Female,Powdered milk 28% mg,5,1500.4,Cash,15/10/2022,Zorlu Center
I253242,C309438,26,Male,Powdered milk 26% mg,5,3000.85,Cash,07/04/2022,Mall of Istanbul
I108359,C253905,66,Male,Powdered milk 18% mg,1,5.23,Cash,07/06/2022,Mall of Istanbul
I195567,C992677,65,Male,Powdered milk 20% mg,4,1200.32,Debit Card,22/01/2023,Metropol AVM
I289643,C584700,43,Female,Powdered milk 12% mg,2,2100,Cash,22/08/2022,Kanyon
I722319,C157070,59,Female,Skimmed powdered milk,1,35.84,Debit Card,03/10/2021,Kanyon
I317105,C177975,30,Female,Total powdered milk,5,58.65,Debit Card,29/07/2021,Kanyon
I215721,C830576,25,Female,Yogurt,2,81.32,Debit Card,16/12/2022,Metrocity
I154469,C807389,29,Female,Cultured milk,3,107.52,Debit Card,03/06/2021,Mall of Istanbul
I172458,C277842,19,Female,Small cheese,2,600.16,Debit Card,17/12/2021,Cevahir AVM
I297270,C183011,62,Male,Cheese,5,1500.4,Credit Card,31/12/2022,Metropol AVM
I153930,C567813,39,Male,Cream,3,15.69,Cash,09/08/2022,Forum Istanbul
I282854,C282974,33,Female,Butter,3,900.24,Cash,31/07/2022,Kanyon
I869144,C181972,26,Female,Powdered whey,4,20.92,Debit Card,04/05/2021,Mall of Istanbul
I283443,C189493,43,Male,Condensed milk,3,3150,Credit Card,25/05/2022,Viaport Outlet
I193271,C242748,40,Female,Sweetened condensed milk,3,15.69,Debit Card,23/12/2022,Kanyon
I985478,C324683,55,Male,Modified milk,4,1200.32,Credit Card,24/01/2023,Kanyon
I200392,C307921,24,Female,Evaporated milk,5,1500.4,Credit Card,14/09/2021,Viaport Outlet
I256691,C152549,24,Male,chocolate milk,1,40.66,Cash,04/02/2022,Metrocity
I796162,C111832,30,Female,Pasteurized milk 3.0% mg,5,26.15,Credit Card,06/01/2022,Metrocity
I224371,C204174,34,Male,Pasteurized milk 2.5% mg,5,1500.4,Credit Card,01/02/2022,Mall of Istanbul
I215998,C279370,64,Female,Skimmed pasteurized milk,5,1500.4,Cash,26/10/2022,Cevahir AVM
I338966,C907582,57,Female,Sterilized whole milk,5,1500.4,Cash,21/09/2022,Mall of Istanbul
I293215,C166635,18,Male,Sterilized semi-skimmed milk,4,162.64,Credit Card,12/12/2021,Istinye Park
I149688,C276043,26,Female,Sterilized skimmed milk,4,1200.32,Cash,21/08/2021,Zorlu Center
I109649,C282643,19,Female,Flavored sterilized milk,3,15.69,Debit Card,08/10/2021,Emaar Square Mall
I299820,C820515,22,Female,Powdered milk 28% mg,3,45.45,Cash,22/11/2021,Kanyon
I157775,C331761,48,Male,Powdered milk 26% mg,1,300.08,Cash,19/03/2022,Kanyon
I317140,C326893,56,Female,Powdered milk 18% mg,5,58.65,Cash,19/10/2022,Istinye Park
I147334,C306395,35,Male,Powdered milk 20% mg,2,600.16,Cash,12/01/2022,Viaport Outlet
I278121,C885344,60,Female,Powdered milk 12% mg,4,143.36,Debit Card,07/06/2021,Metrocity
I134452,C112750,32,Female,Skimmed powdered milk,1,300.08,Credit Card,15/01/2023,Forum Istanbul
I320846,C274870,27,Male,Total powdered milk,4,1200.32,Credit Card,11/11/2021,Kanyon
I740676,C199864,56,Female,Yogurt,2,600.16,Credit Card,21/09/2022,Istinye Park
I142331,C997380,35,Male,Cultured milk,4,162.64,Debit Card,30/05/2021,Metrocity
I222983,C132002,68,Female,Small cheese,1,300.08,Credit Card,23/12/2021,Metropol AVM
I164665,C255058,64,Female,Cheese,2,2100,Cash,30/04/2022,Kanyon
I133387,C271799,60,Female,Cream,4,143.36,Cash,07/06/2021,Forum Istanbul
I276763,C765620,64,Male,Butter,5,179.2,Debit Card,21/02/2022,Kanyon
I273890,C891545,41,Female,Powdered whey,3,900.24,Debit Card,26/08/2021,Emaar Square Mall
I774221,C519513,30,Male,Condensed milk,5,26.15,Cash,15/12/2021,Metrocity
I202171,C125624,40,Male,Sweetened condensed milk,1,300.08,Debit Card,20/02/2021,Mall of Istanbul
I219780,C658980,29,Female,Modified milk,2,600.16,Cash,08/10/2021,Kanyon
I160221,C319231,25,Male,Evaporated milk,3,900.24,Cash,01/08/2022,Mall of Istanbul
I106691,C150594,60,Female,chocolate milk,4,1200.32,Cash,09/09/2021,Kanyon
I129886,C846730,42,Female,Pasteurized milk 3.0% mg,5,26.15,Cash,25/10/2021,Metrocity
I745394,C249877,54,Male,Pasteurized milk 2.5% mg,1,5.23,Cash,14/12/2021,Metropol AVM
I157056,C200826,50,Female,Skimmed pasteurized milk,5,1500.4,Cash,20/06/2021,Kanyon
I304531,C263874,54,Male,Sterilized whole milk,1,300.08,Debit Card,07/04/2021,Metropol AVM
I762439,C663463,45,Female,Sterilized semi-skimmed milk,4,60.6,Cash,05/12/2021,Metrocity
I300972,C134370,40,Female,Sterilized skimmed milk,1,40.66,Credit Card,25/05/2021,Zorlu Center
I151588,C310642,24,Male,Flavored sterilized milk,3,45.45,Credit Card,12/04/2022,Metrocity
I657069,C651699,40,Male,Powdered milk 28% mg,4,1200.32,Cash,16/12/2021,Mall of Istanbul
I122655,C989693,32,Female,Powdered milk 26% mg,2,2100,Credit Card,21/02/2021,Metropol AVM
I236914,C123581,28,Female,Powdered milk 18% mg,3,900.24,Cash,26/10/2021,Mall of Istanbul
I247471,C192446,22,Female,Powdered milk 20% mg,1,35.84,Cash,18/12/2022,Mall of Istanbul
I362306,C143343,21,Female,Powdered milk 12% mg,1,300.08,Credit Card,19/09/2022,Metrocity
I215279,C223343,31,Female,Skimmed powdered milk,2,600.16,Credit Card,01/02/2023,Kanyon
I216061,C309082,61,Female,Total powdered milk,3,15.69,Credit Card,05/10/2022,Mall of Istanbul
I246375,C236365,67,Female,Yogurt,2,81.32,Cash,28/11/2021,Kanyon
I103596,C178734,52,Male,Cultured milk,5,3000.85,Cash,03/08/2021,Kanyon
I259878,C223010,44,Male,Small cheese,4,1200.32,Credit Card,12/10/2022,Metropol AVM
I206422,C289933,48,Female,Cheese,2,10.46,Credit Card,28/09/2022,Kanyon
I201704,C340116,53,Female,Cream,3,15.69,Cash,12/07/2021,Metrocity
I168037,C816586,27,Male,Butter,4,143.36,Cash,03/07/2021,Mall of Istanbul
I307534,C434171,28,Female,Powdered whey,4,162.64,Cash,26/03/2022,Viaport Outlet
I259196,C215384,43,Female,Condensed milk,4,143.36,Credit Card,17/05/2022,Cevahir AVM
I141241,C143442,54,Male,Sweetened condensed milk,5,58.65,Credit Card,11/04/2022,Kanyon
I289973,C102926,41,Male,Modified milk,5,26.15,Credit Card,22/10/2021,Kanyon
I147203,C340063,59,Female,Evaporated milk,5,203.3,Cash,20/12/2021,Istinye Park
I323788,C131786,32,Female,chocolate milk,1,300.08,Credit Card,17/03/2022,Metropol AVM
I285454,C194380,41,Female,Pasteurized milk 3.0% mg,5,58.65,Credit Card,23/06/2022,Metropol AVM
I288152,C269623,30,Female,Pasteurized milk 2.5% mg,3,3150,Debit Card,19/06/2021,Mall of Istanbul
I134126,C847171,22,Male,Skimmed pasteurized milk,1,300.08,Debit Card,30/08/2022,Istinye Park
I311052,C556552,51,Female,Sterilized whole milk,4,1200.32,Cash,20/11/2021,Cevahir AVM
I176469,C876528,23,Female,Sterilized semi-skimmed milk,2,10.46,Credit Card,31/07/2021,Viaport Outlet
I167993,C303493,40,Male,Sterilized skimmed milk,2,71.68,Cash,20/02/2022,Kanyon
I222086,C978718,37,Male,Flavored sterilized milk,5,1500.4,Cash,09/02/2023,Emaar Square Mall
I164597,C111766,24,Female,Powdered milk 28% mg,1,300.08,Cash,24/03/2021,Mall of Istanbul
I184307,C175946,22,Male,Powdered milk 26% mg,1,5.23,Credit Card,25/08/2022,Kanyon
I289905,C160005,61,Female,Powdered milk 18% mg,4,162.64,Cash,21/10/2021,Kanyon
I416544,C599109,25,Female,Powdered milk 20% mg,2,10.46,Credit Card,28/05/2022,Metrocity
I601026,C693789,66,Female,Powdered milk 12% mg,5,58.65,Credit Card,05/03/2022,Zorlu Center
I257890,C259342,59,Female,Skimmed powdered milk,1,600.17,Cash,05/10/2021,Kanyon
I260028,C208108,38,Male,Total powdered milk,4,1200.32,Cash,16/04/2021,Metropol AVM
I170160,C244213,34,Male,Yogurt,2,71.68,Debit Card,26/02/2023,Metrocity
I624164,C102685,26,Female,Cultured milk,1,300.08,Cash,20/03/2021,Kanyon
I143353,C244291,59,Female,Small cheese,5,58.65,Cash,15/05/2022,Metrocity
I278401,C162371,53,Female,Cheese,1,35.84,Debit Card,31/01/2023,Mall of Istanbul
I402966,C375422,23,Male,Cream,4,162.64,Debit Card,02/10/2021,Viaport Outlet
I244241,C911768,23,Female,Butter,5,1500.4,Credit Card,03/08/2022,Viaport Outlet
I179048,C270129,66,Female,Powdered whey,3,3150,Debit Card,28/03/2021,Cevahir AVM
I165202,C617189,56,Female,Condensed milk,4,162.64,Cash,21/11/2022,Mall of Istanbul
I328321,C271029,38,Female,Sweetened condensed milk,2,23.46,Credit Card,12/02/2021,Metropol AVM
I417106,C292356,28,Male,Modified milk,3,900.24,Cash,03/04/2021,Cevahir AVM
I248153,C329633,44,Female,Evaporated milk,1,5.23,Cash,03/07/2022,Metropol AVM
I112270,C244780,26,Female,chocolate milk,4,20.92,Cash,14/02/2021,Mall of Istanbul
I318831,C139568,41,Female,Pasteurized milk 3.0% mg,4,162.64,Credit Card,15/07/2022,Viaport Outlet
I258322,C220281,50,Male,Pasteurized milk 2.5% mg,4,1200.32,Cash,12/07/2021,Viaport Outlet
I334246,C311034,23,Female,Skimmed pasteurized milk,3,121.98,Cash,19/05/2022,Mall of Istanbul
I198233,C584141,31,Female,Sterilized whole milk,4,162.64,Cash,13/02/2023,Metropol AVM
I310819,C221934,26,Male,Sterilized semi-skimmed milk,5,203.3,Credit Card,27/11/2022,Forum Istanbul
I409288,C513561,56,Female,Sterilized skimmed milk,3,15.69,Cash,02/03/2021,Viaport Outlet
I131054,C257990,34,Female,Flavored sterilized milk,4,143.36,Cash,16/10/2021,Kanyon
I149521,C168348,29,Female,Powdered milk 28% mg,2,600.16,Cash,04/11/2021,Kanyon
I156233,C161285,20,Female,Powdered milk 26% mg,1,300.08,Credit Card,11/01/2023,Mall of Istanbul
I295784,C166191,54,Female,Powdered milk 18% mg,3,121.98,Credit Card,08/06/2022,Forum Istanbul
I255381,C172966,40,Male,Powdered milk 20% mg,4,1200.32,Debit Card,24/05/2021,Metrocity
I337719,C320928,40,Male,Powdered milk 12% mg,5,203.3,Cash,18/01/2021,Istinye Park
I220863,C131497,21,Male,Skimmed powdered milk,4,60.6,Cash,22/07/2021,Mall of Istanbul
I530401,C526660,32,Female,Total powdered milk,2,2100,Cash,25/09/2022,Zorlu Center
I219555,C266961,47,Male,Yogurt,3,900.24,Credit Card,10/09/2021,Metrocity
I316629,C204741,41,Female,Cultured milk,3,35.19,Cash,16/01/2022,Cevahir AVM
I795251,C181619,33,Male,Small cheese,5,203.3,Cash,13/11/2022,Kanyon
I151099,C250395,67,Female,Cheese,2,23.46,Credit Card,14/03/2021,Mall of Istanbul
I286193,C322994,37,Male,Cream,3,121.98,Cash,23/07/2022,Istinye Park
I399563,C250673,38,Female,Butter,1,35.84,Cash,24/06/2021,Metropol AVM
I229355,C192978,28,Male,Powdered whey,5,3000.85,Credit Card,30/01/2021,Kanyon
I147727,C163033,38,Female,Condensed milk,1,15.15,Credit Card,17/04/2022,Kanyon
I504141,C558480,56,Female,Sweetened condensed milk,1,40.66,Credit Card,23/02/2023,Kanyon
I246151,C287409,25,Male,Modified milk,3,45.45,Debit Card,05/07/2021,Metropol AVM
I164675,C993675,66,Male,Evaporated milk,5,75.75,Cash,31/08/2021,Kanyon
I606511,C307535,37,Female,chocolate milk,2,23.46,Credit Card,09/09/2022,Viaport Outlet
I342816,C238961,19,Female,Pasteurized milk 3.0% mg,2,10.46,Cash,04/11/2021,Mall of Istanbul
I151764,C671866,53,Female,Pasteurized milk 2.5% mg,5,1500.4,Cash,30/06/2022,Kanyon
I226172,C171154,69,Female,Skimmed pasteurized milk,1,600.17,Cash,24/07/2021,Kanyon
I737630,C848969,69,Male,Sterilized whole milk,5,1500.4,Cash,15/04/2022,Metropol AVM
I891311,C240171,31,Female,Sterilized semi-skimmed milk,2,10.46,Debit Card,25/09/2021,Metropol AVM
I127733,C665777,39,Male,Sterilized skimmed milk,5,75.75,Cash,24/08/2021,Kanyon
I202398,C256730,53,Male,Flavored sterilized milk,5,3000.85,Cash,26/01/2021,Zorlu Center
I160585,C298229,26,Male,Powdered milk 28% mg,2,81.32,Cash,05/02/2022,Metropol AVM
I771414,C183404,63,Male,Powdered milk 26% mg,3,15.69,Cash,09/12/2022,Forum Istanbul
I139520,C316398,34,Female,Powdered milk 18% mg,5,1500.4,Cash,14/02/2021,Mall of Istanbul
I291540,C557245,25,Male,Powdered milk 20% mg,1,5.23,Debit Card,17/07/2022,Kanyon
I798213,C662958,20,Female,Powdered milk 12% mg,3,1800.51,Cash,03/01/2021,Metropol AVM
I232338,C545065,18,Female,Skimmed powdered milk,4,1200.32,Debit Card,22/09/2022,Metropol AVM
I267713,C284679,53,Male,Total powdered milk,4,162.64,Credit Card,27/06/2021,Kanyon
I525798,C581947,46,Male,Yogurt,4,162.64,Cash,03/02/2023,Mall of Istanbul
I353272,C199311,34,Female,Cultured milk,1,300.08,Credit Card,29/07/2021,Istinye Park
I165687,C206501,61,Female,Small cheese,3,900.24,Cash,08/12/2022,Metropol AVM
I169015,C726021,38,Female,Cheese,5,1500.4,Credit Card,11/08/2022,Mall of Istanbul
I111305,C448846,67,Female,Cream,3,15.69,Cash,13/09/2021,Metropol AVM
I187171,C168663,33,Male,Butter,4,143.36,Credit Card,27/05/2022,Istinye Park
I148276,C616106,63,Female,Powdered whey,4,1200.32,Debit Card,07/12/2022,Zorlu Center
I783231,C771066,21,Female,Condensed milk,5,1500.4,Debit Card,05/01/2022,Cevahir AVM
I313426,C101196,41,Female,Sweetened condensed milk,4,162.64,Debit Card,05/04/2022,Kanyon
I112291,C898405,48,Female,Modified milk,1,5.23,Credit Card,10/01/2022,Cevahir AVM
I402983,C372643,27,Male,Evaporated milk,1,1050,Debit Card,30/01/2022,Kanyon
I155076,C195626,22,Female,chocolate milk,5,179.2,Credit Card,21/12/2022,Kanyon
I204056,C622748,54,Female,Pasteurized milk 3.0% mg,4,1200.32,Credit Card,24/02/2021,Metropol AVM
I218385,C290280,51,Female,Pasteurized milk 2.5% mg,1,35.84,Cash,19/07/2022,Metrocity
I198698,C281268,29,Female,Skimmed pasteurized milk,1,300.08,Debit Card,15/01/2023,Metropol AVM
I428118,C826744,44,Female,Sterilized whole milk,2,1200.34,Credit Card,12/01/2023,Kanyon
I204147,C252021,20,Female,Sterilized semi-skimmed milk,3,1800.51,Credit Card,05/11/2022,Kanyon
I361028,C647656,59,Female,Sterilized skimmed milk,2,1200.34,Cash,23/07/2021,Metrocity
I915945,C250065,23,Female,Flavored sterilized milk,4,1200.32,Credit Card,30/06/2022,Metropol AVM
I165461,C230766,25,Female,Powdered milk 28% mg,1,300.08,Credit Card,01/11/2022,Emaar Square Mall
I762381,C243515,63,Male,Powdered milk 26% mg,1,600.17,Cash,27/10/2022,Kanyon
I818298,C204632,21,Male,Powdered milk 18% mg,5,1500.4,Debit Card,21/08/2022,Kanyon
I261290,C252598,56,Female,Powdered milk 20% mg,3,900.24,Credit Card,13/03/2021,Cevahir AVM
I215578,C866033,39,Male,Powdered milk 12% mg,2,81.32,Credit Card,04/08/2022,Kanyon
I136666,C288416,50,Male,Skimmed powdered milk,2,10.46,Credit Card,01/04/2021,Mall of Istanbul
I120948,C340089,54,Female,Total powdered milk,4,2400.68,Debit Card,08/08/2021,Mall of Istanbul
I173679,C555040,27,Male,Yogurt,3,3150,Credit Card,28/06/2021,Viaport Outlet
I638275,C809281,56,Male,Cultured milk,5,1500.4,Credit Card,25/01/2021,Emaar Square Mall
I551237,C375325,53,Female,Small cheese,4,1200.32,Cash,22/11/2021,Metropol AVM
I239285,C155335,62,Female,Cheese,3,121.98,Credit Card,13/11/2022,Viaport Outlet
I723062,C225051,42,Female,Cream,4,1200.32,Credit Card,12/08/2022,Kanyon
I353329,C635016,68,Female,Butter,2,71.68,Credit Card,18/09/2022,Metrocity
I321920,C165705,27,Male,Powdered whey,4,1200.32,Cash,08/06/2021,Mall of Istanbul
I176115,C709571,39,Male,Condensed milk,4,162.64,Cash,30/08/2021,Viaport Outlet
I251743,C851508,44,Male,Sweetened condensed milk,3,107.52,Debit Card,19/06/2022,Kanyon
I964173,C184126,52,Female,Modified milk,3,900.24,Debit Card,15/12/2022,Emaar Square Mall
I334389,C233642,19,Female,Evaporated milk,2,81.32,Cash,29/12/2021,Mall of Istanbul
I251855,C258410,68,Female,chocolate milk,3,121.98,Credit Card,19/06/2022,Cevahir AVM
I985808,C270667,22,Male,Pasteurized milk 3.0% mg,5,75.75,Cash,16/06/2021,Emaar Square Mall
I224565,C321527,61,Male,Pasteurized milk 2.5% mg,1,600.17,Cash,07/02/2021,Emaar Square Mall
I239703,C109489,23,Male,Skimmed pasteurized milk,3,15.69,Credit Card,17/01/2023,Kanyon
I156413,C103824,34,Male,Sterilized whole milk,5,203.3,Debit Card,20/01/2022,Metrocity
I158683,C126571,33,Female,Sterilized semi-skimmed milk,2,23.46,Debit Card,31/07/2022,Metrocity
I983860,C169676,60,Female,Sterilized skimmed milk,1,600.17,Credit Card,30/09/2021,Metropol AVM
I119809,C321889,24,Female,Flavored sterilized milk,1,5.23,Debit Card,06/04/2022,Zorlu Center
I319942,C212128,53,Male,Powdered milk 28% mg,5,203.3,Debit Card,14/11/2022,Mall of Istanbul
I133278,C301271,22,Male,Powdered milk 26% mg,3,900.24,Credit Card,24/02/2021,Metrocity
I252084,C221995,50,Male,Powdered milk 18% mg,4,46.92,Cash,25/05/2021,Metrocity
I182889,C318802,49,Male,Powdered milk 20% mg,2,600.16,Credit Card,22/03/2021,Metrocity
I106271,C263812,31,Male,Powdered milk 12% mg,1,300.08,Debit Card,22/12/2022,Mall of Istanbul
I112481,C321609,29,Male,Skimmed powdered milk,5,26.15,Cash,07/07/2021,Cevahir AVM
I240751,C666013,52,Female,Total powdered milk,1,5.23,Credit Card,18/09/2021,Kanyon
I282789,C172185,67,Female,Yogurt,2,81.32,Cash,18/02/2022,Istinye Park
I676291,C150463,50,Female,Cultured milk,2,10.46,Cash,13/06/2021,Metropol AVM
I827069,C274529,58,Female,Small cheese,5,179.2,Cash,30/05/2021,Mall of Istanbul
I242823,C242659,50,Female,Cheese,4,1200.32,Debit Card,26/03/2021,Metropol AVM
I208631,C194451,68,Female,Cream,2,2100,Credit Card,27/07/2022,Kanyon
I139308,C252600,59,Female,Butter,2,23.46,Credit Card,06/04/2022,Emaar Square Mall
I177201,C309645,66,Female,Powdered whey,5,1500.4,Cash,04/02/2022,Forum Istanbul
I263818,C336232,69,Male,Condensed milk,4,46.92,Cash,26/06/2022,Zorlu Center
I174966,C325906,27,Male,Sweetened condensed milk,5,26.15,Cash,25/07/2022,Mall of Istanbul
I186896,C138755,52,Female,Modified milk,1,35.84,Credit Card,19/09/2021,Zorlu Center
I207465,C296745,27,Female,Evaporated milk,2,600.16,Cash,10/10/2022,Istinye Park
I191148,C221838,43,Female,chocolate milk,2,2100,Credit Card,29/03/2022,Forum Istanbul
I159487,C104985,36,Male,Pasteurized milk 3.0% mg,1,300.08,Cash,09/07/2021,Emaar Square Mall
I215141,C826514,19,Female,Pasteurized milk 2.5% mg,1,11.73,Cash,25/01/2022,Kanyon
I235828,C267333,21,Male,Skimmed pasteurized milk,5,75.75,Cash,14/12/2021,Metrocity
I281274,C130479,20,Male,Sterilized whole milk,1,300.08,Cash,04/09/2022,Kanyon
I135898,C310108,23,Female,Sterilized semi-skimmed milk,2,71.68,Debit Card,14/08/2022,Metropol AVM
I943072,C358486,52,Female,Sterilized skimmed milk,2,81.32,Cash,03/02/2022,Metrocity
I142738,C208738,24,Male,Flavored sterilized milk,4,1200.32,Credit Card,03/01/2021,Kanyon
I304665,C111056,20,Female,Powdered milk 28% mg,5,26.15,Credit Card,05/12/2021,Metropol AVM
I133240,C999586,58,Male,Powdered milk 26% mg,3,107.52,Credit Card,14/06/2022,Zorlu Center
I215906,C296862,21,Male,Powdered milk 18% mg,4,1200.32,Debit Card,13/08/2021,Mall of Istanbul
I247747,C101550,35,Male,Powdered milk 20% mg,2,1200.34,Cash,11/01/2022,Istinye Park
I227154,C278142,29,Female,Powdered milk 12% mg,3,121.98,Cash,22/12/2021,Kanyon
I133197,C330779,68,Male,Skimmed powdered milk,2,81.32,Credit Card,04/02/2021,Forum Istanbul
I542618,C282968,50,Female,Total powdered milk,3,121.98,Debit Card,22/02/2022,Emaar Square Mall
I522612,C852668,44,Female,Yogurt,3,107.52,Cash,14/09/2021,Kanyon
I336817,C274936,47,Female,Cultured milk,1,300.08,Cash,03/08/2021,Cevahir AVM
I216982,C269751,48,Female,Small cheese,4,46.92,Cash,02/01/2023,Metrocity
I317443,C136051,39,Female,Cheese,1,35.84,Credit Card,23/11/2022,Mall of Istanbul
I115679,C266462,27,Male,Cream,1,300.08,Cash,10/01/2023,Kanyon
I227707,C329163,34,Female,Butter,4,2400.68,Cash,10/01/2022,Viaport Outlet
I238456,C305398,65,Female,Powdered whey,1,5.23,Cash,06/08/2022,Kanyon
I940840,C267961,53,Female,Condensed milk,2,81.32,Cash,19/02/2023,Istinye Park
I298805,C101248,19,Female,Sweetened condensed milk,3,15.69,Credit Card,29/06/2021,Kanyon
I169894,C165812,19,Female,Modified milk,2,600.16,Cash,01/07/2021,Istinye Park
I183571,C339518,31,Female,Evaporated milk,1,5.23,Credit Card,07/02/2022,Metrocity
I921232,C235057,43,Female,chocolate milk,2,71.68,Cash,10/10/2021,Cevahir AVM
I130799,C103944,42,Male,Pasteurized milk 3.0% mg,3,900.24,Credit Card,30/06/2021,Metrocity
I199384,C260889,58,Male,Pasteurized milk 2.5% mg,4,60.6,Credit Card,24/03/2022,Kanyon
I300557,C207753,34,Female,Skimmed pasteurized milk,3,121.98,Debit Card,17/09/2022,Istinye Park
I162186,C204154,32,Female,Sterilized whole milk,2,81.32,Debit Card,31/07/2021,Istinye Park
I299125,C290344,27,Male,Sterilized semi-skimmed milk,4,46.92,Credit Card,21/11/2022,Kanyon
I720017,C730395,28,Female,Sterilized skimmed milk,2,10.46,Credit Card,04/09/2022,Kanyon
I293086,C312155,55,Male,Flavored sterilized milk,3,121.98,Credit Card,18/02/2021,Kanyon
I995407,C259743,48,Female,Powdered milk 28% mg,3,35.19,Cash,21/03/2021,Metropol AVM
I306845,C605200,46,Female,Powdered milk 26% mg,4,20.92,Credit Card,02/09/2022,Mall of Istanbul
I274190,C317850,20,Female,Powdered milk 18% mg,3,107.52,Cash,16/06/2021,Metropol AVM
I305432,C986860,39,Male,Powdered milk 20% mg,3,107.52,Credit Card,26/01/2023,Mall of Istanbul
I224122,C236428,44,Male,Powdered milk 12% mg,5,1500.4,Credit Card,01/07/2022,Mall of Istanbul
I119142,C278588,35,Female,Skimmed powdered milk,5,203.3,Debit Card,25/01/2023,Cevahir AVM
I117526,C154184,48,Male,Total powdered milk,5,203.3,Credit Card,23/09/2022,Emaar Square Mall
I195735,C287459,22,Female,Yogurt,1,300.08,Credit Card,08/09/2021,Kanyon
I243930,C617884,52,Female,Cultured milk,3,3150,Debit Card,31/10/2022,Istinye Park
I320007,C294024,45,Male,Small cheese,5,1500.4,Debit Card,18/10/2021,Metrocity
I339004,C790567,64,Male,Cheese,4,1200.32,Credit Card,15/07/2022,Mall of Istanbul
I139437,C799447,38,Male,Cream,5,58.65,Credit Card,31/05/2021,Mall of Istanbul
I325491,C144628,45,Female,Butter,2,1200.34,Cash,22/12/2021,Kanyon
I332582,C260810,41,Female,Powdered whey,5,58.65,Cash,28/10/2022,Metropol AVM
I976566,C670524,57,Female,Condensed milk,1,40.66,Cash,13/06/2021,Forum Istanbul
I420592,C334281,57,Male,Sweetened condensed milk,4,20.92,Debit Card,25/09/2022,Kanyon
I312499,C314173,60,Female,Modified milk,1,15.15,Credit Card,18/08/2021,Mall of Istanbul
I304591,C122712,44,Female,Evaporated milk,2,10.46,Debit Card,16/09/2021,Kanyon
I122118,C276111,38,Male,chocolate milk,5,203.3,Cash,15/11/2022,Metrocity
I297539,C277924,65,Male,Pasteurized milk 3.0% mg,3,15.69,Credit Card,07/08/2021,Mall of Istanbul
I339496,C286466,30,Male,Pasteurized milk 2.5% mg,1,300.08,Debit Card,25/05/2021,Metropol AVM
I160687,C327001,50,Female,Skimmed pasteurized milk,2,600.16,Debit Card,12/07/2022,Istinye Park
I153842,C509924,19,Female,Sterilized whole milk,3,15.69,Credit Card,14/09/2022,Forum Istanbul
I615452,C453635,26,Male,Sterilized semi-skimmed milk,1,600.17,Debit Card,06/03/2022,Metrocity
I908600,C259539,54,Female,Sterilized skimmed milk,4,162.64,Credit Card,23/02/2023,Forum Istanbul
I708279,C729392,63,Female,Flavored sterilized milk,3,121.98,Credit Card,25/06/2021,Emaar Square Mall
I328691,C280085,66,Female,Powdered milk 28% mg,2,600.16,Debit Card,31/07/2022,Metrocity
I423782,C767634,48,Female,Powdered milk 26% mg,2,81.32,Debit Card,08/04/2021,Mall of Istanbul
I123315,C230018,46,Male,Powdered milk 18% mg,2,600.16,Debit Card,01/04/2021,Zorlu Center
I182578,C238063,54,Male,Powdered milk 20% mg,4,2400.68,Cash,13/02/2022,Kanyon
I403818,C308584,62,Male,Powdered milk 12% mg,5,75.75,Cash,15/06/2022,Viaport Outlet
I508712,C216619,64,Female,Skimmed powdered milk,3,107.52,Credit Card,19/07/2022,Mall of Istanbul
I959992,C241523,55,Male,Total powdered milk,3,15.69,Cash,01/07/2022,Metrocity
I279688,C209761,20,Female,Yogurt,1,300.08,Credit Card,19/06/2021,Cevahir AVM
I300847,C329153,41,Male,Cultured milk,5,179.2,Credit Card,11/01/2022,Istinye Park
I170966,C126702,54,Male,Small cheese,5,26.15,Credit Card,05/12/2022,Istinye Park
I230221,C287787,34,Male,Cheese,1,300.08,Cash,21/04/2021,Metropol AVM
I317354,C142943,31,Female,Cream,1,300.08,Cash,10/11/2021,Metropol AVM
I155404,C100484,48,Male,Butter,4,143.36,Cash,19/09/2022,Metrocity
I151181,C260213,44,Female,Powdered whey,2,600.16,Debit Card,18/01/2021,Emaar Square Mall
I144046,C210589,42,Female,Condensed milk,1,600.17,Credit Card,21/04/2022,Kanyon
I959386,C885556,25,Male,Sweetened condensed milk,1,600.17,Credit Card,25/11/2022,Mall of Istanbul
I737965,C944366,64,Male,Modified milk,5,1500.4,Cash,09/11/2022,Kanyon
I194017,C462011,67,Female,Evaporated milk,5,5250,Cash,03/01/2022,Kanyon
I252777,C262366,55,Female,chocolate milk,2,600.16,Cash,19/02/2022,Zorlu Center
I254142,C212400,62,Female,Pasteurized milk 3.0% mg,3,1800.51,Credit Card,15/12/2022,Emaar Square Mall
I120850,C204307,54,Female,Pasteurized milk 2.5% mg,2,600.16,Credit Card,08/11/2021,Metrocity
I220285,C162871,43,Female,Skimmed pasteurized milk,4,20.92,Credit Card,01/05/2022,Kanyon
I180980,C119825,30,Female,Sterilized whole milk,2,600.16,Cash,14/04/2021,Forum Istanbul
I301451,C260171,58,Female,Sterilized semi-skimmed milk,5,203.3,Debit Card,28/06/2021,Kanyon
I125700,C244973,49,Male,Sterilized skimmed milk,5,3000.85,Credit Card,10/06/2022,Forum Istanbul
I533062,C208765,49,Female,Flavored sterilized milk,3,900.24,Cash,12/05/2022,Mall of Istanbul
I998874,C321053,19,Female,Powdered milk 28% mg,5,1500.4,Debit Card,27/12/2022,Mall of Istanbul
I325619,C183356,58,Female,Powdered milk 26% mg,1,5.23,Debit Card,16/08/2021,Kanyon
I200646,C155763,49,Female,Powdered milk 18% mg,2,10.46,Credit Card,05/03/2021,Kanyon
I337094,C567509,50,Female,Powdered milk 20% mg,1,1050,Cash,09/02/2023,Zorlu Center
I436935,C486241,21,Female,Powdered milk 12% mg,4,162.64,Cash,26/02/2023,Istinye Park
I585560,C306892,21,Male,Skimmed powdered milk,2,1200.34,Cash,17/02/2023,Mall of Istanbul
I191967,C266819,63,Male,Total powdered milk,5,203.3,Credit Card,08/08/2022,Kanyon
I304567,C317897,30,Male,Yogurt,2,23.46,Credit Card,08/03/2023,Forum Istanbul
I232809,C545424,66,Male,Cultured milk,5,3000.85,Credit Card,02/10/2021,Metrocity
I157441,C224223,23,Female,Small cheese,4,20.92,Cash,22/12/2021,Mall of Istanbul
I591015,C286181,69,Female,Cheese,1,300.08,Cash,12/09/2021,Metrocity
I219334,C144371,45,Female,Cream,4,2400.68,Credit Card,23/03/2022,Kanyon
I162719,C402433,53,Male,Butter,5,1500.4,Credit Card,11/12/2021,Emaar Square Mall
I237375,C297425,50,Female,Powdered whey,1,15.15,Cash,29/12/2022,Istinye Park
I289611,C222906,45,Female,Condensed milk,3,900.24,Debit Card,08/03/2023,Cevahir AVM
I217650,C236397,47,Female,Sweetened condensed milk,3,15.69,Debit Card,10/02/2021,Forum Istanbul
I214129,C309079,36,Female,Modified milk,1,300.08,Debit Card,10/05/2021,Metrocity
I300799,C116633,61,Female,Evaporated milk,3,15.69,Cash,06/03/2022,Metropol AVM
I163771,C259606,46,Female,chocolate milk,4,143.36,Credit Card,29/03/2021,Mall of Istanbul
I252528,C333065,47,Male,Pasteurized milk 3.0% mg,5,5250,Debit Card,04/10/2022,Cevahir AVM
I147387,C211494,38,Female,Pasteurized milk 2.5% mg,5,1500.4,Cash,04/11/2021,Mall of Istanbul
I186255,C302831,41,Female,Skimmed pasteurized milk,1,300.08,Credit Card,08/11/2022,Kanyon
I308341,C282397,29,Male,Sterilized whole milk,4,1200.32,Cash,17/05/2021,Istinye Park
I177664,C233697,58,Female,Sterilized semi-skimmed milk,3,121.98,Credit Card,16/06/2022,Kanyon
I278519,C129976,69,Male,Sterilized skimmed milk,3,3150,Debit Card,24/09/2022,Cevahir AVM
I160636,C812053,53,Female,Flavored sterilized milk,4,162.64,Cash,04/04/2022,Metropol AVM
I306136,C324783,26,Male,Powdered milk 28% mg,1,5.23,Cash,18/10/2022,Metrocity
I240224,C281502,53,Male,Powdered milk 26% mg,1,5.23,Cash,16/10/2021,Mall of Istanbul
I227030,C433234,63,Female,Powdered milk 18% mg,4,1200.32,Credit Card,17/05/2021,Istinye Park
I258204,C167183,54,Female,Powdered milk 20% mg,1,300.08,Credit Card,03/02/2023,Emaar Square Mall
I231070,C311195,54,Female,Powdered milk 12% mg,5,1500.4,Debit Card,15/11/2022,Forum Istanbul
I434983,C107399,45,Male,Skimmed powdered milk,2,23.46,Credit Card,29/07/2021,Istinye Park
I326925,C992967,62,Female,Total powdered milk,4,143.36,Credit Card,17/07/2021,Kanyon
I183840,C246719,18,Female,Yogurt,1,300.08,Credit Card,08/03/2022,Viaport Outlet
I533184,C220859,44,Female,Cultured milk,5,3000.85,Credit Card,22/09/2022,Zorlu Center
I735039,C285422,50,Male,Small cheese,1,300.08,Cash,01/08/2022,Metropol AVM
I319997,C217049,31,Male,Cheese,5,1500.4,Credit Card,03/04/2021,Istinye Park
I228150,C141094,62,Male,Cream,5,1500.4,Cash,21/11/2021,Zorlu Center
I215373,C310628,20,Female,Butter,5,1500.4,Debit Card,17/09/2021,Kanyon
I275695,C297711,65,Female,Powdered whey,5,75.75,Cash,09/08/2022,Mall of Istanbul
I107255,C211354,63,Female,Condensed milk,1,11.73,Cash,08/09/2021,Metrocity
I301538,C281864,57,Female,Sweetened condensed milk,4,20.92,Cash,08/10/2021,Mall of Istanbul
I119469,C234177,59,Female,Modified milk,1,300.08,Debit Card,03/03/2021,Metropol AVM
I678313,C335822,44,Female,Evaporated milk,4,1200.32,Debit Card,26/12/2021,Zorlu Center
I264491,C107261,63,Female,chocolate milk,5,203.3,Credit Card,13/02/2023,Metropol AVM
I177957,C653357,65,Male,Pasteurized milk 3.0% mg,4,1200.32,Cash,04/07/2021,Cevahir AVM
I188384,C327084,68,Female,Pasteurized milk 2.5% mg,1,300.08,Cash,26/01/2021,Istinye Park
I527111,C218706,21,Female,Skimmed pasteurized milk,2,10.46,Debit Card,05/10/2022,Metropol AVM
I152252,C321931,33,Female,Sterilized whole milk,5,75.75,Credit Card,05/04/2021,Mall of Istanbul
I131076,C403983,23,Female,Sterilized semi-skimmed milk,2,23.46,Cash,27/03/2021,Metrocity
I151031,C137912,49,Female,Sterilized skimmed milk,5,58.65,Cash,21/11/2022,Mall of Istanbul
I638444,C229733,57,Male,Flavored sterilized milk,2,1200.34,Credit Card,21/02/2022,Metropol AVM
I884439,C304835,54,Female,Powdered milk 28% mg,4,143.36,Credit Card,22/08/2022,Kanyon
I381853,C124933,41,Female,Powdered milk 26% mg,3,121.98,Credit Card,06/12/2022,Emaar Square Mall
I104404,C111115,21,Female,Powdered milk 18% mg,3,1800.51,Cash,25/03/2021,Kanyon
I926542,C248988,45,Female,Powdered milk 20% mg,1,35.84,Debit Card,05/03/2021,Kanyon
I263473,C162574,58,Female,Powdered milk 12% mg,3,1800.51,Credit Card,02/08/2021,Kanyon
I177317,C331880,53,Male,Skimmed powdered milk,4,20.92,Cash,16/04/2021,Mall of Istanbul
I941223,C291911,53,Female,Total powdered milk,5,1500.4,Credit Card,03/02/2023,Emaar Square Mall
I323436,C153958,39,Male,Yogurt,5,26.15,Debit Card,06/05/2022,Kanyon
I245250,C125209,21,Female,Cultured milk,1,600.17,Cash,05/02/2022,Mall of Istanbul
I589196,C320640,51,Female,Small cheese,1,35.84,Credit Card,01/12/2022,Mall of Istanbul
I241028,C803666,50,Male,Cheese,2,600.16,Debit Card,16/12/2021,Emaar Square Mall
I846943,C134691,50,Female,Cream,4,162.64,Cash,06/01/2023,Mall of Istanbul
I131492,C729802,61,Male,Butter,3,15.69,Cash,08/12/2021,Kanyon
I252340,C252250,44,Male,Powdered whey,5,26.15,Credit Card,23/02/2021,Mall of Istanbul
I571614,C208545,31,Female,Condensed milk,4,46.92,Debit Card,07/01/2022,Istinye Park
I269945,C310975,64,Male,Sweetened condensed milk,1,5.23,Credit Card,14/02/2022,Kanyon
I293115,C109758,50,Male,Modified milk,2,600.16,Credit Card,20/05/2022,Viaport Outlet
I180632,C214463,45,Male,Evaporated milk,1,300.08,Credit Card,15/10/2021,Istinye Park
I946433,C387164,29,Female,chocolate milk,4,4200,Debit Card,02/02/2023,Kanyon
I557864,C135196,33,Female,Pasteurized milk 3.0% mg,1,300.08,Cash,09/11/2021,Mall of Istanbul
I721903,C284031,29,Male,Pasteurized milk 2.5% mg,2,10.46,Cash,09/01/2023,Mall of Istanbul
I995914,C259260,65,Male,Skimmed pasteurized milk,3,3150,Credit Card,22/11/2021,Metrocity
I423124,C109593,66,Female,Sterilized whole milk,1,300.08,Cash,07/01/2023,Metrocity
I318626,C270238,54,Male,Sterilized semi-skimmed milk,3,121.98,Credit Card,23/09/2022,Istinye Park
I284431,C308978,44,Male,Sterilized skimmed milk,4,4200,Credit Card,24/06/2022,Metropol AVM
I334469,C221607,46,Male,Flavored sterilized milk,5,179.2,Cash,04/07/2021,Kanyon
I568785,C115148,37,Male,Powdered milk 28% mg,5,26.15,Cash,23/08/2021,Metropol AVM
I307376,C253248,22,Female,Powdered milk 26% mg,5,26.15,Credit Card,11/08/2022,Metrocity
I136509,C290760,55,Female,Powdered milk 18% mg,4,162.64,Cash,02/08/2021,Mall of Istanbul
I194798,C258089,41,Male,Powdered milk 20% mg,2,2100,Cash,07/07/2022,Mall of Istanbul
I236520,C222102,42,Male,Powdered milk 12% mg,3,107.52,Credit Card,13/02/2022,Viaport Outlet
I295482,C209440,24,Male,Skimmed powdered milk,3,1800.51,Credit Card,17/10/2022,Zorlu Center
I472275,C203263,43,Female,Total powdered milk,4,162.64,Cash,14/11/2022,Metrocity
I301404,C232103,40,Male,Yogurt,3,900.24,Credit Card,24/03/2021,Cevahir AVM
I100487,C213360,22,Female,Cultured milk,4,162.64,Cash,19/02/2021,Kanyon
I206026,C225105,27,Female,Small cheese,1,15.15,Cash,12/11/2022,Forum Istanbul
I332620,C158124,68,Female,Cheese,2,81.32,Credit Card,13/04/2021,Mall of Istanbul
I434161,C246484,48,Female,Cream,2,600.16,Credit Card,03/05/2021,Metropol AVM
I166306,C197019,56,Female,Butter,3,900.24,Cash,24/04/2022,Viaport Outlet
I207389,C947114,25,Male,Powdered whey,3,900.24,Debit Card,17/12/2022,Kanyon
I237018,C115431,30,Male,Condensed milk,4,20.92,Cash,19/11/2022,Mall of Istanbul
I246114,C266394,49,Female,Sweetened condensed milk,5,179.2,Credit Card,22/09/2022,Metropol AVM
I216889,C122371,57,Male,Modified milk,2,600.16,Credit Card,16/03/2022,Mall of Istanbul
I137065,C736428,46,Female,Evaporated milk,4,20.92,Cash,01/01/2022,Mall of Istanbul
I284262,C127339,29,Male,chocolate milk,3,15.69,Cash,23/07/2021,Kanyon
I154122,C164662,69,Female,Pasteurized milk 3.0% mg,1,40.66,Debit Card,22/12/2021,Metrocity
I950429,C248884,42,Female,Pasteurized milk 2.5% mg,2,81.32,Debit Card,09/03/2022,Kanyon
I499170,C100684,38,Female,Skimmed pasteurized milk,1,35.84,Credit Card,20/02/2022,Kanyon
I253083,C240688,46,Female,Sterilized whole milk,2,600.16,Debit Card,14/11/2021,Metrocity
I508173,C246364,31,Male,Sterilized semi-skimmed milk,3,121.98,Debit Card,23/01/2022,Metropol AVM
I763131,C195413,26,Male,Sterilized skimmed milk,5,1500.4,Cash,16/01/2021,Mall of Istanbul
I149766,C197308,48,Female,Flavored sterilized milk,3,121.98,Cash,02/04/2022,Mall of Istanbul
I702817,C264767,30,Male,Powdered milk 28% mg,5,75.75,Credit Card,16/10/2022,Kanyon
I208491,C299172,56,Male,Powdered milk 26% mg,1,300.08,Cash,18/01/2023,Kanyon
I337030,C994327,65,Male,Powdered milk 18% mg,2,10.46,Cash,27/09/2022,Metrocity
I312041,C337644,53,Female,Powdered milk 20% mg,2,600.16,Credit Card,31/01/2022,Mall of Istanbul
I150629,C175449,43,Female,Powdered milk 12% mg,3,900.24,Cash,10/12/2022,Kanyon
I197620,C249092,26,Male,Skimmed powdered milk,2,10.46,Cash,08/04/2022,Metrocity
I730771,C432132,23,Male,Total powdered milk,5,1500.4,Debit Card,05/08/2022,Metrocity
I873382,C289802,54,Female,Yogurt,4,2400.68,Credit Card,07/01/2023,Metrocity
I637675,C194330,56,Male,Cultured milk,4,1200.32,Cash,28/06/2021,Kanyon
I153278,C127945,37,Female,Small cheese,2,71.68,Cash,04/06/2022,Mall of Istanbul
I842493,C202057,48,Male,Cheese,3,900.24,Debit Card,25/07/2021,Mall of Istanbul
I156991,C315209,56,Male,Cream,2,10.46,Debit Card,14/02/2021,Emaar Square Mall
I722730,C323605,58,Female,Butter,2,23.46,Cash,28/07/2022,Kanyon
I299533,C282395,40,Female,Powdered whey,3,15.69,Credit Card,09/09/2022,Kanyon
I187160,C109491,38,Female,Condensed milk,5,3000.85,Debit Card,19/03/2022,Kanyon
I101832,C261194,40,Female,Sweetened condensed milk,3,121.98,Credit Card,25/12/2022,Kanyon
I943403,C232330,64,Male,Modified milk,1,35.84,Cash,20/09/2022,Mall of Istanbul
I454983,C737782,28,Male,Evaporated milk,5,58.65,Debit Card,12/04/2022,Mall of Istanbul
I338302,C123201,49,Male,chocolate milk,4,162.64,Debit Card,03/10/2021,Viaport Outlet
I328822,C230641,51,Male,Pasteurized milk 3.0% mg,3,15.69,Cash,13/06/2022,Metrocity
I168181,C805154,22,Male,Pasteurized milk 2.5% mg,3,900.24,Credit Card,01/07/2021,Metrocity
I108543,C330021,67,Female,Skimmed pasteurized milk,5,1500.4,Debit Card,08/07/2022,Viaport Outlet
I120615,C107668,22,Female,Sterilized whole milk,2,71.68,Credit Card,02/02/2022,Istinye Park
I248840,C209722,26,Female,Sterilized semi-skimmed milk,3,900.24,Cash,10/11/2022,Mall of Istanbul
I283774,C210614,42,Female,Sterilized skimmed milk,1,35.84,Debit Card,01/01/2023,Istinye Park
I212305,C212378,45,Female,Flavored sterilized milk,1,15.15,Credit Card,06/11/2021,Emaar Square Mall
I111228,C313586,43,Female,Powdered milk 28% mg,1,300.08,Credit Card,09/04/2021,Kanyon
I230558,C292604,35,Female,Powdered milk 26% mg,2,81.32,Debit Card,31/07/2021,Kanyon
I130124,C216257,49,Male,Powdered milk 18% mg,3,900.24,Credit Card,15/08/2022,Viaport Outlet
I221797,C272779,49,Female,Powdered milk 20% mg,3,15.69,Cash,24/08/2021,Metrocity
I154490,C100507,33,Male,Powdered milk 12% mg,5,1500.4,Cash,24/01/2022,Mall of Istanbul
I159376,C190072,65,Female,Skimmed powdered milk,2,10.46,Cash,14/06/2022,Metropol AVM
I214545,C111827,40,Male,Total powdered milk,4,46.92,Cash,05/12/2021,Metropol AVM
I213589,C203955,68,Male,Yogurt,2,2100,Cash,12/10/2021,Viaport Outlet
I101148,C680169,26,Female,Cultured milk,4,162.64,Cash,21/04/2022,Cevahir AVM
I186663,C281091,38,Male,Small cheese,1,35.84,Debit Card,24/06/2021,Kanyon
I291062,C209122,56,Female,Cheese,4,162.64,Credit Card,05/03/2023,Kanyon
I103389,C231964,19,Male,Cream,1,40.66,Cash,09/05/2021,Kanyon
I140596,C291641,18,Female,Butter,2,81.32,Cash,11/09/2021,Metrocity
I115322,C315386,55,Male,Powdered whey,1,5.23,Credit Card,01/10/2021,Forum Istanbul
I273800,C290158,53,Female,Condensed milk,2,81.32,Cash,01/08/2021,Mall of Istanbul
I384332,C226218,69,Female,Sweetened condensed milk,1,40.66,Cash,04/09/2021,Metrocity
I268628,C633946,27,Male,Modified milk,3,121.98,Cash,21/05/2021,Mall of Istanbul
I146305,C118742,36,Female,Evaporated milk,2,10.46,Cash,11/07/2022,Kanyon
I648743,C218295,61,Female,chocolate milk,5,3000.85,Debit Card,02/01/2023,Mall of Istanbul
I148083,C636874,43,Female,Pasteurized milk 3.0% mg,5,203.3,Credit Card,29/06/2021,Istinye Park
I733806,C310472,51,Female,Pasteurized milk 2.5% mg,4,20.92,Credit Card,21/03/2021,Metropol AVM
I214007,C119440,38,Male,Skimmed pasteurized milk,4,143.36,Credit Card,25/03/2022,Metrocity
I480974,C230305,34,Male,Sterilized whole milk,2,10.46,Debit Card,10/05/2021,Mall of Istanbul
I126095,C197131,23,Male,Sterilized semi-skimmed milk,5,26.15,Credit Card,24/03/2022,Metropol AVM
I100033,C278721,56,Male,Sterilized skimmed milk,4,20.92,Credit Card,19/10/2021,Zorlu Center
I265860,C247868,60,Male,Flavored sterilized milk,4,20.92,Credit Card,15/03/2022,Mall of Istanbul
I512570,C834257,59,Female,Powdered milk 28% mg,4,46.92,Cash,24/11/2022,Metrocity
I118757,C242041,43,Male,Powdered milk 26% mg,1,300.08,Credit Card,21/07/2022,Kanyon
I313516,C892871,55,Male,Powdered milk 18% mg,4,60.6,Cash,29/03/2021,Metrocity
I223795,C280596,40,Male,Powdered milk 20% mg,3,900.24,Cash,26/12/2022,Metrocity
I254341,C703073,43,Female,Powdered milk 12% mg,2,10.46,Credit Card,21/01/2023,Metropol AVM
I273435,C282097,59,Male,Skimmed powdered milk,4,20.92,Credit Card,06/11/2021,Emaar Square Mall
I127616,C179726,24,Male,Total powdered milk,5,75.75,Debit Card,12/12/2021,Kanyon
I893043,C838282,63,Female,Yogurt,5,1500.4,Credit Card,11/11/2022,Kanyon
I295712,C181939,31,Male,Cultured milk,2,10.46,Cash,25/06/2022,Mall of Istanbul
I162565,C755148,69,Female,Small cheese,2,600.16,Credit Card,04/07/2022,Istinye Park
I300520,C282107,36,Female,Cheese,3,45.45,Credit Card,02/02/2023,Metrocity
I149473,C102560,54,Female,Cream,3,900.24,Cash,30/01/2021,Kanyon
I936118,C229670,22,Male,Butter,3,15.69,Cash,19/02/2023,Istinye Park
I242648,C269986,39,Male,Powdered whey,1,5.23,Cash,22/06/2022,Metrocity
I725938,C191300,26,Male,Condensed milk,3,121.98,Debit Card,16/10/2022,Metropol AVM
I299480,C167158,44,Male,Sweetened condensed milk,2,1200.34,Credit Card,09/12/2022,Metrocity
I134272,C318225,35,Female,Modified milk,1,35.84,Debit Card,01/12/2022,Metropol AVM
I128518,C101108,66,Female,Evaporated milk,1,600.17,Debit Card,06/09/2021,Mall of Istanbul
I293208,C103073,61,Male,chocolate milk,1,600.17,Cash,07/02/2022,Mall of Istanbul
I332003,C299787,30,Female,Pasteurized milk 3.0% mg,2,81.32,Credit Card,16/12/2021,Cevahir AVM
I251779,C555827,55,Male,Pasteurized milk 2.5% mg,5,179.2,Debit Card,12/03/2022,Zorlu Center
I334155,C992695,22,Female,Skimmed pasteurized milk,3,45.45,Debit Card,15/12/2022,Viaport Outlet
I724379,C178176,51,Female,Sterilized whole milk,1,300.08,Debit Card,26/12/2021,Metropol AVM
I843249,C211245,53,Male,Sterilized semi-skimmed milk,4,162.64,Cash,04/01/2021,Kanyon
I292746,C139231,54,Female,Sterilized skimmed milk,5,1500.4,Credit Card,27/04/2022,Viaport Outlet
I230701,C339339,34,Male,Flavored sterilized milk,2,600.16,Credit Card,19/02/2023,Emaar Square Mall
I230983,C321993,49,Female,Powdered milk 28% mg,1,300.08,Credit Card,02/03/2023,Kanyon
I313187,C226519,41,Female,Powdered milk 26% mg,4,46.92,Cash,28/01/2021,Kanyon
I206607,C715684,34,Female,Powdered milk 18% mg,1,300.08,Credit Card,19/06/2021,Kanyon
I323928,C328195,59,Female,Powdered milk 20% mg,3,121.98,Cash,16/07/2021,Cevahir AVM
I374693,C284366,20,Female,Powdered milk 12% mg,2,10.46,Cash,03/11/2021,Istinye Park
I318521,C354398,23,Female,Skimmed powdered milk,5,1500.4,Cash,16/11/2021,Mall of Istanbul
I222827,C317063,25,Female,Total powdered milk,3,900.24,Credit Card,27/11/2022,Mall of Istanbul
I649554,C156360,63,Female,Yogurt,3,107.52,Debit Card,02/08/2021,Kanyon
I111055,C474896,68,Male,Cultured milk,1,1050,Credit Card,26/08/2022,Mall of Istanbul
I570709,C140082,58,Male,Small cheese,1,600.17,Debit Card,08/09/2021,Cevahir AVM
I251307,C240510,58,Male,Cheese,1,600.17,Debit Card,01/01/2022,Mall of Istanbul
I117277,C292758,47,Male,Cream,1,300.08,Credit Card,11/01/2023,Istinye Park
I240824,C222262,22,Female,Butter,5,1500.4,Credit Card,28/08/2021,Mall of Istanbul
I135134,C130016,51,Female,Powdered whey,1,40.66,Credit Card,01/03/2021,Metrocity
I222401,C305749,56,Male,Condensed milk,5,26.15,Cash,22/05/2021,Viaport Outlet
I263185,C316261,33,Male,Sweetened condensed milk,5,1500.4,Cash,09/03/2021,Kanyon
I311849,C178487,27,Male,Modified milk,5,5250,Debit Card,21/04/2021,Cevahir AVM
I137332,C205731,50,Male,Evaporated milk,4,2400.68,Cash,03/05/2021,Istinye Park
I319596,C171122,49,Female,chocolate milk,1,1050,Cash,13/01/2022,Istinye Park
I632642,C266021,52,Female,Pasteurized milk 3.0% mg,5,58.65,Cash,12/03/2022,Mall of Istanbul
I127930,C576719,54,Male,Pasteurized milk 2.5% mg,1,300.08,Cash,15/11/2022,Kanyon
I258931,C254022,19,Male,Skimmed pasteurized milk,3,121.98,Credit Card,20/10/2021,Emaar Square Mall
I230411,C121489,49,Female,Sterilized whole milk,5,203.3,Debit Card,30/09/2021,Mall of Istanbul
I136610,C211545,44,Female,Sterilized semi-skimmed milk,4,162.64,Credit Card,31/01/2021,Mall of Istanbul
I234673,C245349,69,Male,Sterilized skimmed milk,4,20.92,Credit Card,08/07/2021,Metropol AVM
I138615,C644605,41,Female,Flavored sterilized milk,5,1500.4,Debit Card,07/10/2021,Kanyon
I116541,C293936,25,Female,Powdered milk 28% mg,2,71.68,Cash,09/07/2021,Viaport Outlet
I332971,C387282,51,Female,Powdered milk 26% mg,4,2400.68,Cash,13/01/2021,Istinye Park
I786653,C405837,53,Female,Powdered milk 18% mg,1,600.17,Cash,20/07/2022,Mall of Istanbul
I115338,C193298,20,Female,Powdered milk 20% mg,3,900.24,Credit Card,01/09/2021,Emaar Square Mall
I201131,C363987,62,Male,Powdered milk 12% mg,1,300.08,Cash,25/10/2022,Cevahir AVM
I328046,C995929,30,Female,Skimmed powdered milk,3,121.98,Debit Card,17/06/2022,Mall of Istanbul
I153790,C236969,47,Female,Total powdered milk,1,40.66,Cash,09/05/2021,Viaport Outlet
I251311,C145797,40,Male,Yogurt,4,2400.68,Credit Card,29/04/2022,Emaar Square Mall
I326582,C241450,35,Female,Cultured milk,3,900.24,Credit Card,09/11/2021,Metrocity
I474661,C196296,41,Female,Small cheese,5,203.3,Cash,08/10/2021,Mall of Istanbul
I160638,C306908,48,Female,Cheese,2,600.16,Cash,29/05/2022,Kanyon
I437948,C141984,26,Male,Cream,5,26.15,Cash,22/08/2022,Metrocity
I282321,C720642,27,Female,Butter,1,5.23,Cash,16/11/2022,Kanyon
I707747,C270638,26,Female,Powdered whey,5,58.65,Debit Card,17/08/2022,Kanyon
I158486,C858536,65,Female,Condensed milk,3,15.69,Credit Card,10/02/2023,Istinye Park
I224933,C289573,25,Female,Sweetened condensed milk,2,81.32,Credit Card,20/01/2021,Kanyon
I164873,C122094,19,Female,Modified milk,4,60.6,Credit Card,19/05/2022,Metrocity
I325555,C162986,21,Male,Evaporated milk,4,4200,Credit Card,30/01/2023,Metrocity
I325396,C271881,61,Female,chocolate milk,5,26.15,Cash,25/02/2021,Istinye Park
I280155,C214260,65,Female,Pasteurized milk 3.0% mg,5,179.2,Debit Card,18/12/2022,Mall of Istanbul
I156562,C209210,23,Female,Pasteurized milk 2.5% mg,4,162.64,Credit Card,16/07/2022,Metrocity
I332361,C296477,42,Male,Skimmed pasteurized milk,3,900.24,Cash,18/01/2022,Kanyon
I317628,C134069,33,Male,Sterilized whole milk,3,15.69,Credit Card,11/09/2021,Mall of Istanbul
I907952,C241442,54,Female,Sterilized semi-skimmed milk,2,600.16,Credit Card,07/08/2022,Metropol AVM
I281621,C312418,67,Female,Sterilized skimmed milk,4,20.92,Credit Card,31/01/2021,Kanyon
I289841,C127004,41,Female,Flavored sterilized milk,1,5.23,Cash,15/07/2021,Cevahir AVM
I335087,C198868,57,Female,Powdered milk 28% mg,5,75.75,Cash,16/10/2021,Kanyon
I239889,C173860,35,Female,Powdered milk 26% mg,1,300.08,Cash,29/03/2021,Mall of Istanbul
I742907,C186098,62,Male,Powdered milk 18% mg,1,300.08,Cash,22/09/2021,Metropol AVM
I271714,C285261,26,Male,Powdered milk 20% mg,1,35.84,Cash,20/03/2021,Emaar Square Mall
I457421,C214662,48,Male,Powdered milk 12% mg,4,162.64,Cash,28/08/2022,Kanyon
I246390,C163444,57,Female,Skimmed powdered milk,4,1200.32,Cash,03/06/2022,Metropol AVM
I179338,C533520,53,Female,Total powdered milk,2,1200.34,Cash,27/03/2021,Istinye Park
I254528,C339565,58,Male,Yogurt,4,162.64,Cash,04/11/2021,Mall of Istanbul
I299925,C202977,32,Female,Cultured milk,2,600.16,Credit Card,11/08/2021,Mall of Istanbul
I321373,C237063,23,Female,Small cheese,5,26.15,Cash,05/08/2022,Zorlu Center
I966684,C108497,49,Female,Cheese,4,143.36,Cash,02/10/2022,Mall of Istanbul
I726807,C219299,26,Female,Cream,4,1200.32,Credit Card,30/12/2022,Viaport Outlet
I333100,C247547,62,Female,Butter,5,1500.4,Credit Card,05/01/2022,Mall of Istanbul
I207643,C190917,30,Male,Powdered whey,1,35.84,Cash,28/02/2022,Mall of Istanbul
I647207,C337220,28,Female,Condensed milk,2,600.16,Credit Card,10/11/2022,Kanyon
I330964,C217919,65,Female,Sweetened condensed milk,2,1200.34,Debit Card,29/11/2022,Metropol AVM
I237324,C112544,56,Female,Modified milk,1,35.84,Credit Card,21/08/2021,Forum Istanbul
I269825,C168912,40,Female,Evaporated milk,3,15.69,Cash,29/06/2021,Mall of Istanbul
I305024,C279747,55,Male,chocolate milk,4,1200.32,Credit Card,07/07/2021,Kanyon
I223568,C249401,61,Female,Pasteurized milk 3.0% mg,2,71.68,Credit Card,27/08/2022,Istinye Park
I194268,C128618,35,Female,Pasteurized milk 2.5% mg,5,58.65,Cash,26/02/2023,Metropol AVM
I155448,C182105,37,Female,Skimmed pasteurized milk,1,600.17,Cash,27/12/2021,Mall of Istanbul
I205336,C331127,32,Male,Sterilized whole milk,1,40.66,Cash,01/02/2023,Istinye Park
I171351,C286564,68,Female,Sterilized semi-skimmed milk,1,11.73,Debit Card,10/02/2022,Kanyon
I249223,C188064,44,Female,Sterilized skimmed milk,2,600.16,Cash,31/01/2021,Mall of Istanbul
I258001,C293329,61,Female,Flavored sterilized milk,4,162.64,Credit Card,25/11/2021,Kanyon
I231029,C113739,38,Male,Powdered milk 28% mg,4,1200.32,Cash,18/01/2023,Istinye Park
I163202,C836254,66,Female,Powdered milk 26% mg,3,900.24,Credit Card,15/03/2021,Mall of Istanbul
I169427,C245894,53,Female,Powdered milk 18% mg,5,1500.4,Cash,03/12/2022,Forum Istanbul
I737161,C144894,21,Female,Powdered milk 20% mg,4,20.92,Credit Card,24/04/2022,Mall of Istanbul
I225327,C190794,61,Male,Powdered milk 12% mg,2,81.32,Cash,19/08/2022,Cevahir AVM
I159355,C142508,32,Female,Skimmed powdered milk,4,20.92,Debit Card,28/11/2021,Metropol AVM
I280408,C135555,46,Female,Total powdered milk,1,300.08,Cash,14/06/2021,Viaport Outlet
I323785,C501563,25,Male,Yogurt,2,71.68,Cash,08/01/2021,Kanyon
I257286,C152590,49,Female,Cultured milk,1,40.66,Credit Card,12/05/2021,Mall of Istanbul
I331405,C772839,26,Female,Small cheese,3,900.24,Cash,02/11/2022,Kanyon
I306957,C623421,40,Female,Cheese,2,600.16,Credit Card,17/09/2022,Cevahir AVM
I147079,C222949,20,Female,Cream,4,1200.32,Credit Card,01/05/2022,Metropol AVM
I829259,C133451,38,Female,Butter,4,162.64,Cash,17/11/2022,Viaport Outlet
I296251,C195342,63,Female,Powdered whey,2,81.32,Cash,17/06/2022,Metrocity
I808238,C336400,25,Male,Condensed milk,2,1200.34,Credit Card,14/07/2022,Mall of Istanbul
I891465,C175833,19,Female,Sweetened condensed milk,1,300.08,Cash,21/07/2022,Metrocity
I563052,C246602,53,Female,Modified milk,4,162.64,Cash,28/07/2021,Metrocity
I130443,C329003,51,Female,Evaporated milk,1,600.17,Cash,08/06/2021,Istinye Park
I241690,C270340,56,Male,chocolate milk,2,23.46,Credit Card,14/06/2022,Kanyon
I643231,C330141,29,Male,Pasteurized milk 3.0% mg,4,143.36,Cash,03/02/2021,Kanyon
I295337,C121707,20,Female,Pasteurized milk 2.5% mg,4,2400.68,Debit Card,05/08/2022,Mall of Istanbul
I265980,C112452,35,Female,Skimmed pasteurized milk,1,15.15,Credit Card,01/04/2022,Forum Istanbul
I293153,C269710,62,Female,Sterilized whole milk,2,10.46,Cash,10/11/2022,Metropol AVM
I193148,C297610,32,Female,Sterilized semi-skimmed milk,4,1200.32,Cash,11/02/2023,Cevahir AVM
I318625,C319935,48,Male,Sterilized skimmed milk,5,5250,Cash,26/02/2023,Zorlu Center
I142245,C785507,43,Male,Flavored sterilized milk,3,121.98,Debit Card,01/12/2022,Zorlu Center
I205906,C217834,57,Female,Powdered milk 28% mg,4,1200.32,Credit Card,04/02/2021,Kanyon
I277462,C709370,33,Male,Powdered milk 26% mg,2,600.16,Cash,22/09/2021,Metrocity
I753100,C216369,49,Female,Powdered milk 18% mg,1,5.23,Cash,05/03/2021,Emaar Square Mall
I610847,C322689,29,Female,Powdered milk 20% mg,4,1200.32,Cash,06/02/2023,Metrocity
I295181,C146203,43,Female,Powdered milk 12% mg,2,10.46,Credit Card,17/11/2022,Metrocity
I198308,C611809,36,Female,Skimmed powdered milk,5,26.15,Credit Card,11/10/2021,Metrocity
I180570,C210236,59,Female,Total powdered milk,5,3000.85,Cash,06/03/2021,Metrocity
I260475,C297118,31,Female,Yogurt,5,1500.4,Credit Card,17/03/2022,Mall of Istanbul
I251024,C180586,51,Female,Cultured milk,2,10.46,Debit Card,09/02/2021,Mall of Istanbul
I302151,C314705,27,Male,Small cheese,4,4200,Cash,15/03/2021,Kanyon
I145917,C272419,62,Female,Cheese,5,203.3,Credit Card,01/02/2023,Forum Istanbul
I254721,C282520,44,Male,Cream,5,1500.4,Debit Card,27/09/2021,Kanyon
I103120,C319624,18,Female,Butter,4,2400.68,Debit Card,20/02/2022,Mall of Istanbul
I173288,C264687,52,Female,Powdered whey,5,26.15,Credit Card,25/01/2023,Metrocity
I279088,C140543,60,Male,Condensed milk,3,3150,Credit Card,30/07/2021,Metrocity
I190414,C339391,34,Female,Sweetened condensed milk,3,15.69,Debit Card,18/04/2021,Forum Istanbul
I613381,C285587,47,Male,Modified milk,1,300.08,Cash,08/02/2021,Mall of Istanbul
I107697,C137134,58,Female,Evaporated milk,1,35.84,Cash,18/08/2022,Istinye Park
I193600,C103896,51,Female,chocolate milk,4,1200.32,Credit Card,10/09/2021,Istinye Park
I165090,C315479,32,Female,Pasteurized milk 3.0% mg,3,900.24,Debit Card,27/07/2021,Forum Istanbul
I260728,C181912,23,Female,Pasteurized milk 2.5% mg,5,179.2,Credit Card,03/04/2021,Kanyon
I164219,C335107,38,Female,Skimmed pasteurized milk,4,143.36,Cash,03/06/2021,Cevahir AVM
I318282,C121510,63,Male,Sterilized whole milk,2,23.46,Credit Card,12/01/2021,Metrocity
I212598,C477489,50,Female,Sterilized semi-skimmed milk,3,15.69,Cash,07/01/2021,Forum Istanbul
I212833,C331382,64,Male,Sterilized skimmed milk,2,81.32,Cash,29/04/2021,Metrocity
I326146,C554087,51,Male,Flavored sterilized milk,2,600.16,Cash,01/07/2021,Metropol AVM
I169684,C226252,21,Male,Powdered milk 28% mg,1,5.23,Debit Card,28/07/2021,Zorlu Center
I462436,C227695,20,Female,Powdered milk 26% mg,3,121.98,Cash,09/09/2021,Cevahir AVM
I940151,C246136,34,Male,Powdered milk 18% mg,3,15.69,Credit Card,20/09/2021,Mall of Istanbul
I210603,C170928,26,Female,Powdered milk 20% mg,4,162.64,Debit Card,16/07/2021,Istinye Park
I174942,C200317,19,Female,Powdered milk 12% mg,3,900.24,Credit Card,23/01/2023,Kanyon
I163206,C192979,47,Female,Skimmed powdered milk,3,15.69,Credit Card,26/06/2021,Mall of Istanbul
I266121,C198568,47,Male,Total powdered milk,4,1200.32,Cash,05/01/2022,Kanyon
I454912,C251518,56,Female,Yogurt,2,71.68,Credit Card,04/12/2022,Metropol AVM
I831916,C215210,42,Male,Cultured milk,5,1500.4,Debit Card,24/09/2021,Mall of Istanbul
I180372,C271571,49,Male,Small cheese,5,58.65,Cash,13/09/2022,Forum Istanbul
I466698,C303444,51,Female,Cheese,3,1800.51,Debit Card,24/02/2023,Kanyon
I119678,C506925,41,Female,Cream,4,4200,Cash,04/03/2021,Emaar Square Mall
I296369,C294604,27,Male,Butter,1,5.23,Cash,24/02/2021,Kanyon
I133116,C190939,61,Female,Powdered whey,5,1500.4,Debit Card,02/12/2021,Kanyon
I165625,C129849,38,Female,Condensed milk,4,2400.68,Cash,30/10/2022,Mall of Istanbul
I333045,C235178,42,Male,Sweetened condensed milk,1,300.08,Credit Card,09/12/2022,Kanyon
I131869,C267843,58,Male,Modified milk,1,5.23,Debit Card,29/01/2023,Kanyon
I168101,C186861,57,Female,Evaporated milk,3,35.19,Cash,26/04/2022,Forum Istanbul
I713258,C219983,23,Male,chocolate milk,3,900.24,Cash,03/01/2021,Kanyon
I144171,C250033,62,Female,Pasteurized milk 3.0% mg,1,300.08,Debit Card,20/04/2022,Kanyon
I191531,C506663,31,Male,Pasteurized milk 2.5% mg,3,1800.51,Cash,20/12/2022,Metrocity
I165583,C235482,54,Female,Skimmed pasteurized milk,1,300.08,Credit Card,08/02/2023,Metrocity
I210803,C781893,19,Male,Sterilized whole milk,4,1200.32,Credit Card,17/09/2022,Metrocity
I209258,C328444,68,Male,Sterilized semi-skimmed milk,5,203.3,Cash,07/07/2022,Metrocity
I169548,C307592,44,Male,Sterilized skimmed milk,5,1500.4,Credit Card,15/09/2022,Mall of Istanbul
I140693,C541983,44,Female,Flavored sterilized milk,2,600.16,Credit Card,27/11/2022,Cevahir AVM
I172509,C283381,29,Female,Powdered milk 28% mg,3,1800.51,Cash,26/12/2022,Mall of Istanbul
I301205,C301099,67,Female,Powdered milk 26% mg,4,20.92,Credit Card,16/09/2022,Kanyon
I338366,C246641,28,Female,Powdered milk 18% mg,5,3000.85,Debit Card,01/03/2021,Viaport Outlet
I108742,C312617,34,Female,Powdered milk 20% mg,5,1500.4,Credit Card,28/04/2021,Mall of Istanbul
I261374,C204164,45,Male,Powdered milk 12% mg,2,71.68,Debit Card,23/04/2021,Istinye Park
I860717,C259798,55,Female,Skimmed powdered milk,2,600.16,Debit Card,10/10/2021,Forum Istanbul
I295440,C215336,69,Female,Total powdered milk,2,10.46,Debit Card,10/04/2022,Mall of Istanbul
I273820,C339648,30,Male,Yogurt,4,20.92,Credit Card,02/12/2022,Cevahir AVM
I279919,C290275,38,Female,Cultured milk,2,600.16,Cash,27/08/2022,Istinye Park
I190006,C230120,39,Male,Small cheese,1,40.66,Debit Card,13/09/2021,Metrocity
I156252,C478733,63,Female,Cheese,4,143.36,Debit Card,15/09/2022,Viaport Outlet
I183583,C201255,49,Male,Cream,1,40.66,Cash,11/06/2022,Forum Istanbul
I258930,C289918,66,Female,Butter,4,2400.68,Credit Card,13/07/2021,Istinye Park
I651105,C937123,68,Female,Powdered whey,1,5.23,Cash,14/12/2021,Mall of Istanbul
I135098,C322924,18,Male,Condensed milk,5,1500.4,Cash,09/09/2022,Kanyon
I187453,C690345,42,Female,Sweetened condensed milk,3,1800.51,Cash,29/01/2023,Metrocity
I176625,C247049,54,Female,Modified milk,4,1200.32,Cash,05/07/2022,Metropol AVM
I289516,C280253,43,Male,Evaporated milk,5,1500.4,Credit Card,04/11/2021,Zorlu Center
I188382,C169477,54,Male,chocolate milk,1,300.08,Cash,14/03/2021,Emaar Square Mall
I749173,C131819,43,Male,Pasteurized milk 3.0% mg,4,2400.68,Credit Card,23/07/2022,Mall of Istanbul
I752413,C442324,44,Male,Pasteurized milk 2.5% mg,3,900.24,Credit Card,13/10/2021,Mall of Istanbul
I254886,C114347,36,Male,Skimmed pasteurized milk,2,2100,Debit Card,31/08/2021,Mall of Istanbul
I323478,C216456,41,Female,Sterilized whole milk,2,10.46,Cash,24/11/2022,Metrocity
I178637,C152833,45,Female,Sterilized semi-skimmed milk,1,300.08,Credit Card,04/05/2021,Emaar Square Mall
I840591,C171160,41,Female,Sterilized skimmed milk,2,600.16,Cash,20/06/2021,Cevahir AVM
I251184,C259884,58,Male,Flavored sterilized milk,5,203.3,Credit Card,03/12/2021,Metrocity
I929854,C114606,34,Female,Powdered milk 28% mg,1,600.17,Debit Card,04/01/2023,Metropol AVM
I274883,C216025,67,Female,Powdered milk 26% mg,1,5.23,Cash,01/03/2022,Viaport Outlet
I338411,C884264,60,Male,Powdered milk 18% mg,5,75.75,Credit Card,17/01/2023,Mall of Istanbul
I301433,C697667,31,Female,Powdered milk 20% mg,5,1500.4,Cash,01/07/2021,Istinye Park
I218234,C136585,52,Female,Powdered milk 12% mg,3,107.52,Cash,28/02/2023,Forum Istanbul
I716822,C146582,25,Male,Skimmed powdered milk,5,26.15,Credit Card,05/06/2021,Mall of Istanbul
I174219,C129039,22,Female,Total powdered milk,4,1200.32,Cash,13/12/2021,Kanyon
I278299,C183846,34,Female,Yogurt,3,15.69,Credit Card,14/03/2022,Metropol AVM
I267714,C297404,30,Male,Cultured milk,4,1200.32,Cash,20/03/2021,Kanyon
I670822,C127819,25,Female,Small cheese,2,10.46,Credit Card,05/09/2022,Kanyon
I339508,C127718,48,Female,Cheese,3,900.24,Cash,27/12/2022,Emaar Square Mall
I268823,C230543,30,Male,Cream,1,300.08,Debit Card,08/02/2023,Istinye Park
I217906,C302358,30,Female,Butter,3,900.24,Cash,27/06/2021,Kanyon
I846907,C105060,36,Female,Powdered whey,5,1500.4,Cash,16/10/2022,Istinye Park
I176751,C182606,52,Female,Condensed milk,5,3000.85,Credit Card,26/09/2021,Kanyon
I325587,C295864,33,Male,Sweetened condensed milk,1,5.23,Cash,28/07/2021,Viaport Outlet
I112845,C323307,69,Male,Modified milk,5,203.3,Cash,13/10/2021,Metrocity
I158003,C104350,46,Female,Evaporated milk,2,600.16,Cash,20/02/2021,Metrocity
I276368,C282281,65,Female,chocolate milk,4,143.36,Debit Card,25/05/2021,Kanyon
I206246,C506887,27,Male,Pasteurized milk 3.0% mg,5,26.15,Cash,04/12/2021,Kanyon
I195587,C528686,42,Female,Pasteurized milk 2.5% mg,2,10.46,Cash,18/02/2021,Kanyon
I213354,C157218,56,Female,Skimmed pasteurized milk,5,5250,Credit Card,03/03/2021,Kanyon
I583185,C172691,68,Female,Sterilized whole milk,5,203.3,Credit Card,25/08/2021,Metropol AVM
I236100,C330221,64,Male,Sterilized semi-skimmed milk,3,15.69,Credit Card,18/09/2021,Mall of Istanbul
I298339,C336104,59,Male,Sterilized skimmed milk,1,5.23,Debit Card,12/06/2021,Mall of Istanbul
I280823,C807852,68,Female,Flavored sterilized milk,3,3150,Credit Card,12/08/2022,Istinye Park
I863565,C128312,25,Male,Powdered milk 28% mg,5,203.3,Cash,28/03/2021,Viaport Outlet
I243784,C150950,40,Female,Powdered milk 26% mg,5,179.2,Credit Card,14/03/2021,Kanyon
I810580,C305706,18,Female,Powdered milk 18% mg,1,35.84,Debit Card,10/01/2021,Kanyon
I297768,C310310,56,Male,Powdered milk 20% mg,4,1200.32,Cash,06/11/2021,Istinye Park
I231514,C414958,36,Female,Powdered milk 12% mg,1,600.17,Cash,21/12/2022,Emaar Square Mall
I200720,C296534,30,Female,Skimmed powdered milk,1,5.23,Credit Card,21/04/2022,Emaar Square Mall
I171758,C234534,52,Female,Total powdered milk,4,162.64,Debit Card,22/03/2022,Emaar Square Mall
I148039,C247694,24,Female,Yogurt,4,4200,Debit Card,13/05/2022,Kanyon
I943432,C141657,30,Female,Cultured milk,2,600.16,Cash,07/07/2021,Mall of Istanbul
I215019,C156233,45,Female,Small cheese,5,203.3,Cash,22/06/2022,Kanyon
I204541,C354331,29,Male,Cheese,4,143.36,Cash,05/07/2021,Kanyon
I528108,C131221,24,Male,Cream,1,15.15,Debit Card,16/10/2022,Metropol AVM
I163618,C123445,46,Female,Butter,2,600.16,Cash,01/08/2021,Emaar Square Mall
I255698,C207443,65,Female,Powdered whey,4,2400.68,Cash,28/10/2022,Metrocity
I328430,C137762,26,Female,Condensed milk,1,35.84,Credit Card,29/10/2021,Viaport Outlet
I561353,C152904,58,Female,Sweetened condensed milk,3,107.52,Cash,10/11/2022,Metrocity
I101472,C216194,45,Female,Modified milk,4,1200.32,Cash,06/07/2021,Metrocity
I109605,C207415,43,Male,Evaporated milk,3,121.98,Debit Card,27/10/2021,Mall of Istanbul
I143755,C621747,25,Female,chocolate milk,4,46.92,Debit Card,16/06/2021,Metrocity
I335633,C621794,53,Female,Pasteurized milk 3.0% mg,3,900.24,Credit Card,21/07/2022,Zorlu Center
I212054,C218289,63,Female,Pasteurized milk 2.5% mg,1,300.08,Debit Card,24/06/2021,Mall of Istanbul
I142204,C235878,37,Female,Skimmed pasteurized milk,1,40.66,Credit Card,28/04/2021,Cevahir AVM
I310814,C251446,68,Female,Sterilized whole milk,4,162.64,Debit Card,17/03/2021,Mall of Istanbul
I202865,C708005,67,Female,Sterilized semi-skimmed milk,5,75.75,Cash,31/03/2021,Mall of Istanbul
I128008,C323349,29,Female,Sterilized skimmed milk,5,1500.4,Cash,13/07/2021,Mall of Istanbul
I244711,C180375,55,Female,Flavored sterilized milk,4,1200.32,Cash,21/11/2021,Mall of Istanbul
I202868,C254007,30,Male,Powdered milk 28% mg,2,600.16,Debit Card,27/02/2022,Kanyon
I229755,C908169,57,Female,Powdered milk 26% mg,5,179.2,Cash,22/11/2021,Istinye Park
I551504,C587022,33,Male,Powdered milk 18% mg,1,600.17,Debit Card,30/03/2022,Zorlu Center
I357584,C485257,54,Female,Powdered milk 20% mg,3,900.24,Cash,13/05/2022,Kanyon
I572568,C196813,66,Female,Powdered milk 12% mg,4,2400.68,Credit Card,02/12/2022,Mall of Istanbul
I834928,C242182,56,Male,Skimmed powdered milk,5,1500.4,Debit Card,10/08/2022,Emaar Square Mall
I301887,C331182,30,Male,Total powdered milk,4,4200,Credit Card,13/04/2021,Zorlu Center
I722991,C206713,19,Female,Yogurt,5,1500.4,Cash,12/03/2022,Zorlu Center
I121934,C376889,22,Female,Cultured milk,1,1050,Cash,07/10/2022,Metrocity
I161868,C333202,29,Male,Small cheese,5,26.15,Debit Card,17/03/2021,Emaar Square Mall
I227368,C147456,44,Male,Cheese,2,600.16,Cash,10/08/2022,Mall of Istanbul
I283492,C221830,38,Female,Cream,1,35.84,Credit Card,28/09/2021,Emaar Square Mall
I236127,C634747,32,Female,Butter,3,900.24,Cash,12/10/2021,Cevahir AVM
I259412,C108986,58,Female,Powdered whey,4,143.36,Credit Card,29/03/2021,Viaport Outlet
I155577,C205202,55,Female,Condensed milk,4,162.64,Cash,21/05/2021,Emaar Square Mall
I311797,C160680,64,Female,Sweetened condensed milk,2,10.46,Credit Card,31/03/2022,Metropol AVM
I242848,C805973,45,Female,Modified milk,3,900.24,Credit Card,27/03/2021,Istinye Park
I448498,C246456,65,Female,Evaporated milk,1,300.08,Credit Card,23/07/2022,Kanyon
I310335,C293191,54,Female,chocolate milk,4,1200.32,Debit Card,08/03/2022,Metrocity
I925190,C248510,58,Male,Pasteurized milk 3.0% mg,5,1500.4,Cash,04/02/2021,Metrocity
I777286,C102849,40,Female,Pasteurized milk 2.5% mg,2,81.32,Debit Card,24/01/2021,Emaar Square Mall
I126253,C732384,24,Male,Skimmed pasteurized milk,5,1500.4,Debit Card,02/02/2021,Metrocity
I287899,C121299,60,Female,Sterilized whole milk,5,1500.4,Debit Card,16/05/2022,Kanyon
I170920,C103741,60,Female,Sterilized semi-skimmed milk,3,15.69,Cash,17/12/2021,Metrocity
I270096,C660491,66,Male,Sterilized skimmed milk,2,10.46,Credit Card,03/05/2022,Metropol AVM
I557757,C323696,59,Male,Flavored sterilized milk,1,5.23,Cash,27/08/2021,Kanyon
I377607,C274788,69,Male,Powdered milk 28% mg,5,58.65,Credit Card,11/01/2022,Metrocity
I256639,C158968,47,Female,Powdered milk 26% mg,4,162.64,Credit Card,05/03/2023,Kanyon
I322886,C289495,39,Male,Powdered milk 18% mg,3,3150,Cash,07/01/2022,Istinye Park
I248770,C646756,54,Female,Powdered milk 20% mg,1,300.08,Cash,19/08/2022,Kanyon
I128121,C193824,67,Female,Powdered milk 12% mg,4,4200,Cash,17/01/2022,Metrocity
I326712,C226996,30,Male,Skimmed powdered milk,2,600.16,Cash,05/05/2021,Metropol AVM
I159865,C276008,27,Female,Total powdered milk,3,107.52,Credit Card,04/01/2022,Mall of Istanbul
I234223,C282899,52,Female,Yogurt,4,162.64,Cash,26/10/2021,Metropol AVM
I616042,C323659,57,Female,Cultured milk,3,15.69,Cash,17/06/2022,Kanyon
I148642,C158270,52,Male,Small cheese,1,300.08,Credit Card,20/04/2021,Mall of Istanbul
I103072,C170969,20,Male,Cheese,4,162.64,Cash,04/04/2022,Forum Istanbul
I497958,C170219,52,Female,Cream,5,58.65,Credit Card,25/02/2022,Mall of Istanbul
I236668,C111026,67,Female,Butter,3,15.69,Debit Card,06/05/2021,Viaport Outlet
I836239,C760307,20,Female,Powdered whey,4,162.64,Cash,13/11/2021,Kanyon
I249682,C183888,64,Female,Condensed milk,3,900.24,Cash,03/08/2022,Metropol AVM
I140825,C144823,20,Female,Sweetened condensed milk,2,81.32,Debit Card,04/02/2023,Kanyon
I742965,C211277,60,Female,Modified milk,3,107.52,Cash,27/08/2022,Zorlu Center
I291579,C204782,36,Female,Evaporated milk,1,300.08,Credit Card,31/10/2022,Mall of Istanbul
I196493,C184882,29,Female,chocolate milk,4,2400.68,Credit Card,27/03/2022,Kanyon
I185316,C228532,45,Female,Pasteurized milk 3.0% mg,1,11.73,Cash,30/05/2022,Zorlu Center
I212235,C315826,18,Female,Pasteurized milk 2.5% mg,1,5.23,Cash,20/01/2021,Cevahir AVM
I219127,C339071,54,Female,Skimmed pasteurized milk,1,15.15,Debit Card,23/12/2022,Kanyon
I971862,C219304,45,Male,Sterilized whole milk,3,900.24,Cash,06/11/2022,Kanyon
I108180,C192474,59,Female,Sterilized semi-skimmed milk,1,5.23,Cash,21/10/2022,Kanyon
I321337,C398415,49,Female,Sterilized skimmed milk,2,600.16,Cash,23/11/2021,Kanyon
I274610,C391672,61,Male,Flavored sterilized milk,3,35.19,Cash,15/01/2022,Metrocity
I678477,C275887,28,Female,Powdered milk 28% mg,3,15.69,Credit Card,06/06/2022,Cevahir AVM
I326054,C198086,36,Female,Powdered milk 26% mg,3,45.45,Cash,02/09/2021,Metrocity
I284282,C822515,69,Female,Powdered milk 18% mg,2,600.16,Cash,10/07/2022,Mall of Istanbul
I256046,C871318,27,Female,Powdered milk 20% mg,3,15.69,Cash,14/04/2022,Mall of Istanbul
I486233,C199664,30,Female,Powdered milk 12% mg,3,900.24,Credit Card,14/03/2022,Metrocity
I237899,C820137,67,Male,Skimmed powdered milk,4,162.64,Debit Card,01/05/2021,Zorlu Center
I102481,C521673,66,Male,Total powdered milk,4,2400.68,Credit Card,22/04/2022,Kanyon
I198156,C149637,52,Female,Yogurt,4,20.92,Cash,26/02/2023,Metropol AVM
I411189,C743273,69,Male,Cultured milk,3,15.69,Credit Card,08/02/2021,Metrocity
I528396,C130273,63,Female,Small cheese,1,300.08,Debit Card,21/11/2022,Metropol AVM
I225178,C240389,20,Female,Cheese,5,1500.4,Credit Card,10/02/2021,Kanyon
I103131,C470346,23,Female,Cream,4,143.36,Cash,22/03/2022,Metrocity
I179619,C423734,47,Male,Butter,3,107.52,Cash,11/10/2022,Metrocity
I229909,C139077,43,Male,Powdered whey,5,1500.4,Cash,10/05/2022,Viaport Outlet
I472142,C842431,55,Male,Condensed milk,1,600.17,Cash,04/08/2021,Cevahir AVM
I184289,C102301,25,Male,Sweetened condensed milk,2,71.68,Credit Card,18/09/2022,Metrocity
I340111,C222159,62,Female,Modified milk,4,2400.68,Cash,01/04/2022,Mall of Istanbul
I244311,C204727,23,Female,Evaporated milk,1,40.66,Cash,11/03/2022,Metrocity
I208028,C325158,48,Female,chocolate milk,5,5250,Credit Card,03/03/2022,Cevahir AVM
I201268,C649525,64,Male,Pasteurized milk 3.0% mg,1,11.73,Cash,31/05/2022,Kanyon
I406982,C283221,50,Female,Pasteurized milk 2.5% mg,2,600.16,Credit Card,23/01/2021,Mall of Istanbul
I259335,C153509,42,Female,Skimmed pasteurized milk,2,81.32,Cash,17/02/2022,Metrocity
I278596,C290548,43,Male,Sterilized whole milk,3,900.24,Cash,12/05/2021,Mall of Istanbul
I156920,C133134,25,Female,Sterilized semi-skimmed milk,3,900.24,Credit Card,26/06/2022,Mall of Istanbul
I189797,C245539,66,Male,Sterilized skimmed milk,3,900.24,Debit Card,22/10/2021,Metropol AVM
I283099,C110711,41,Female,Flavored sterilized milk,1,5.23,Cash,12/12/2021,Kanyon
I108662,C141093,37,Female,Powdered milk 28% mg,3,121.98,Cash,16/09/2021,Metropol AVM
I443008,C299644,43,Female,Powdered milk 26% mg,3,900.24,Credit Card,30/08/2021,Metropol AVM
I756144,C141285,19,Female,Powdered milk 18% mg,2,600.16,Credit Card,29/11/2021,Kanyon
I148225,C120095,64,Female,Powdered milk 20% mg,4,4200,Credit Card,07/06/2021,Mall of Istanbul
I187159,C130462,39,Female,Powdered milk 12% mg,5,3000.85,Debit Card,18/09/2021,Forum Istanbul
I265543,C116092,21,Female,Skimmed powdered milk,2,81.32,Credit Card,03/10/2022,Mall of Istanbul
I169324,C152098,51,Male,Total powdered milk,3,15.69,Cash,14/03/2022,Emaar Square Mall
I186033,C766767,67,Male,Yogurt,5,75.75,Cash,12/01/2023,Kanyon
I307337,C322195,54,Male,Cultured milk,3,1800.51,Debit Card,25/02/2023,Metropol AVM
I988233,C114713,21,Female,Small cheese,2,10.46,Cash,01/11/2021,Forum Istanbul
I713320,C189364,29,Male,Cheese,1,1050,Debit Card,23/11/2021,Zorlu Center
I187305,C150584,32,Female,Cream,3,1800.51,Debit Card,12/03/2022,Kanyon
I193430,C275695,55,Female,Butter,4,1200.32,Credit Card,12/05/2021,Metrocity
I202249,C614595,24,Male,Powdered whey,4,46.92,Cash,30/10/2022,Istinye Park
I910927,C300832,37,Male,Condensed milk,3,900.24,Credit Card,16/01/2023,Kanyon
I602106,C241238,53,Female,Sweetened condensed milk,5,3000.85,Credit Card,26/08/2022,Istinye Park
I289972,C182162,43,Female,Modified milk,5,26.15,Debit Card,26/11/2022,Istinye Park
I109018,C328169,39,Female,Evaporated milk,3,107.52,Credit Card,09/07/2021,Metropol AVM
I333269,C121380,37,Female,chocolate milk,3,1800.51,Debit Card,26/05/2021,Viaport Outlet
I586154,C788630,58,Female,Pasteurized milk 3.0% mg,1,5.23,Cash,14/12/2021,Istinye Park
I264725,C143781,28,Male,Pasteurized milk 2.5% mg,1,35.84,Credit Card,15/07/2022,Mall of Istanbul
I291281,C285797,45,Male,Skimmed pasteurized milk,1,1050,Credit Card,14/04/2022,Metropol AVM
I144506,C174330,21,Female,Sterilized whole milk,4,1200.32,Cash,16/01/2021,Istinye Park
I205315,C430942,39,Female,Sterilized semi-skimmed milk,5,203.3,Cash,03/06/2022,Zorlu Center
I211823,C270543,23,Male,Sterilized skimmed milk,5,1500.4,Debit Card,16/03/2021,Zorlu Center
I160370,C102275,41,Male,Flavored sterilized milk,1,300.08,Credit Card,07/02/2022,Metrocity
I526871,C841591,26,Female,Powdered milk 28% mg,2,10.46,Credit Card,12/04/2021,Metropol AVM
I275001,C162681,51,Male,Powdered milk 26% mg,4,143.36,Debit Card,04/05/2022,Cevahir AVM
I129187,C716629,49,Male,Powdered milk 18% mg,2,81.32,Cash,06/08/2022,Forum Istanbul
I292336,C512978,45,Male,Powdered milk 20% mg,4,1200.32,Cash,09/05/2022,Forum Istanbul
I122881,C289069,33,Male,Powdered milk 12% mg,5,203.3,Cash,22/05/2021,Forum Istanbul
I240283,C812425,53,Female,Skimmed powdered milk,4,2400.68,Cash,10/01/2023,Metropol AVM
I204229,C200576,32,Female,Total powdered milk,1,40.66,Credit Card,25/04/2022,Cevahir AVM
I110467,C155221,40,Male,Yogurt,1,300.08,Cash,08/10/2022,Mall of Istanbul
I316054,C251062,60,Male,Cultured milk,5,1500.4,Debit Card,13/10/2022,Kanyon
I203525,C335061,37,Female,Small cheese,1,300.08,Cash,08/09/2022,Metropol AVM
I186437,C283983,56,Female,Cheese,5,5250,Debit Card,05/12/2022,Kanyon
I136489,C315999,55,Female,Cream,2,600.16,Credit Card,13/03/2022,Metropol AVM
I125636,C987230,68,Male,Butter,1,15.15,Debit Card,16/05/2021,Kanyon
I310984,C921649,54,Female,Powdered whey,2,81.32,Credit Card,26/12/2021,Metrocity
I329288,C327823,56,Female,Condensed milk,3,15.69,Credit Card,12/05/2022,Mall of Istanbul
I278935,C203598,27,Male,Sweetened condensed milk,2,71.68,Cash,14/12/2022,Cevahir AVM
I243503,C224753,41,Female,Modified milk,1,35.84,Debit Card,18/09/2021,Kanyon
I214040,C270797,59,Male,Evaporated milk,4,2400.68,Credit Card,16/11/2022,Istinye Park
I135338,C249974,62,Male,chocolate milk,1,300.08,Credit Card,19/10/2022,Viaport Outlet
I103926,C132495,32,Male,Pasteurized milk 3.0% mg,2,81.32,Credit Card,17/08/2022,Emaar Square Mall
I200763,C304747,47,Male,Pasteurized milk 2.5% mg,2,81.32,Debit Card,23/12/2021,Kanyon
I210726,C266724,42,Female,Skimmed pasteurized milk,5,5250,Cash,16/11/2021,Cevahir AVM
I140666,C494615,33,Male,Sterilized whole milk,3,15.69,Cash,02/08/2021,Metrocity
I328455,C252265,66,Male,Sterilized semi-skimmed milk,5,5250,Credit Card,17/02/2021,Mall of Istanbul
I289097,C319806,55,Female,Sterilized skimmed milk,5,203.3,Cash,06/05/2021,Mall of Istanbul
I173201,C219548,24,Female,Flavored sterilized milk,4,20.92,Credit Card,03/10/2022,Emaar Square Mall
I203880,C184052,64,Female,Powdered milk 28% mg,5,179.2,Debit Card,15/06/2021,Mall of Istanbul
I695490,C206253,27,Female,Powdered milk 26% mg,5,3000.85,Debit Card,14/02/2021,Metrocity
I788206,C249725,62,Female,Powdered milk 18% mg,2,81.32,Credit Card,21/02/2023,Istinye Park
I935474,C224881,68,Female,Powdered milk 20% mg,2,81.32,Debit Card,03/09/2022,Metropol AVM
I308383,C321914,62,Female,Powdered milk 12% mg,3,121.98,Credit Card,20/09/2021,Kanyon
I335039,C209245,36,Male,Skimmed powdered milk,1,11.73,Cash,09/05/2022,Istinye Park
I375865,C130895,64,Male,Total powdered milk,3,900.24,Credit Card,30/05/2022,Kanyon
I300065,C207573,22,Male,Yogurt,4,4200,Cash,12/03/2022,Viaport Outlet
I123471,C257469,26,Female,Cultured milk,5,26.15,Debit Card,25/03/2022,Kanyon
I259780,C795627,37,Female,Small cheese,5,1500.4,Cash,27/09/2021,Istinye Park
I276581,C194674,47,Female,Cheese,1,40.66,Credit Card,14/11/2021,Istinye Park
I187144,C774214,40,Female,Cream,1,35.84,Credit Card,29/05/2022,Metropol AVM
I200005,C120804,58,Female,Butter,1,5.23,Debit Card,09/03/2021,Kanyon
I246910,C156004,32,Male,Powdered whey,2,30.3,Cash,12/02/2022,Istinye Park
I274783,C596756,36,Female,Condensed milk,1,300.08,Credit Card,07/03/2022,Metrocity
I258186,C251433,56,Female,Sweetened condensed milk,4,143.36,Debit Card,05/02/2021,Metrocity
I149861,C288298,41,Female,Modified milk,4,1200.32,Credit Card,05/12/2022,Kanyon
I678783,C148675,34,Female,Evaporated milk,5,26.15,Debit Card,14/04/2021,Mall of Istanbul
I283199,C270726,37,Female,chocolate milk,5,1500.4,Credit Card,04/10/2021,Mall of Istanbul
I262240,C105474,55,Female,Pasteurized milk 3.0% mg,1,40.66,Credit Card,15/01/2023,Mall of Istanbul
I255066,C829423,25,Female,Pasteurized milk 2.5% mg,2,1200.34,Cash,07/06/2022,Kanyon
I110699,C111251,50,Female,Skimmed pasteurized milk,4,1200.32,Cash,07/11/2022,Istinye Park
I172592,C269506,66,Male,Sterilized whole milk,3,1800.51,Cash,05/07/2021,Zorlu Center
I197048,C127041,52,Male,Sterilized semi-skimmed milk,1,300.08,Cash,22/10/2022,Istinye Park
I846448,C870412,24,Female,Sterilized skimmed milk,1,40.66,Debit Card,24/02/2023,Emaar Square Mall
I255738,C108367,52,Male,Flavored sterilized milk,3,15.69,Debit Card,12/04/2022,Kanyon
I309846,C191673,43,Male,Powdered milk 28% mg,3,900.24,Cash,27/02/2021,Mall of Istanbul
I230210,C979970,41,Male,Powdered milk 26% mg,1,40.66,Cash,31/03/2021,Cevahir AVM
I338832,C324708,28,Female,Powdered milk 18% mg,5,1500.4,Credit Card,16/03/2021,Metrocity
I701994,C289614,31,Male,Powdered milk 20% mg,1,5.23,Cash,09/02/2023,Forum Istanbul
I116064,C103877,41,Female,Powdered milk 12% mg,3,1800.51,Credit Card,28/02/2021,Metropol AVM
I233553,C264659,21,Male,Skimmed powdered milk,3,121.98,Cash,26/03/2022,Metrocity
I334498,C108756,45,Female,Total powdered milk,3,121.98,Credit Card,27/01/2023,Istinye Park
I210221,C253975,41,Female,Yogurt,3,45.45,Cash,29/03/2021,Istinye Park
I107367,C773134,42,Male,Cultured milk,3,900.24,Cash,21/01/2021,Metrocity
I240053,C433673,50,Male,Small cheese,1,40.66,Credit Card,22/05/2022,Metrocity
I198312,C271450,42,Female,Cheese,3,900.24,Cash,07/03/2022,Kanyon
I111670,C327098,25,Female,Cream,2,600.16,Credit Card,30/07/2022,Kanyon
I631073,C132270,39,Female,Butter,5,3000.85,Debit Card,10/04/2021,Emaar Square Mall
I304483,C193793,23,Male,Powdered whey,5,179.2,Cash,05/03/2022,Viaport Outlet
I110493,C320229,67,Male,Condensed milk,2,30.3,Debit Card,20/04/2021,Mall of Istanbul
I224918,C275631,42,Female,Sweetened condensed milk,5,26.15,Credit Card,01/11/2022,Kanyon
I176867,C462416,63,Female,Modified milk,2,600.16,Credit Card,13/02/2023,Metrocity
I225893,C245407,53,Male,Evaporated milk,4,46.92,Credit Card,10/04/2021,Emaar Square Mall
I462596,C269497,32,Male,chocolate milk,5,26.15,Debit Card,25/05/2022,Metrocity
I990095,C190709,43,Male,Pasteurized milk 3.0% mg,2,1200.34,Debit Card,26/12/2022,Mall of Istanbul
I112841,C291389,22,Female,Pasteurized milk 2.5% mg,2,600.16,Credit Card,19/05/2021,Metropol AVM
I177064,C593370,30,Male,Skimmed pasteurized milk,4,20.92,Debit Card,21/12/2022,Mall of Istanbul
I293058,C303552,20,Female,Sterilized whole milk,3,900.24,Cash,17/06/2021,Kanyon
I714982,C747740,40,Female,Sterilized semi-skimmed milk,2,81.32,Credit Card,23/11/2022,Istinye Park
I259581,C791362,61,Male,Sterilized skimmed milk,4,1200.32,Credit Card,19/03/2021,Kanyon
I272468,C132400,44,Male,Flavored sterilized milk,5,1500.4,Cash,30/08/2022,Zorlu Center
I773945,C677850,55,Female,Powdered milk 28% mg,4,162.64,Cash,12/12/2022,Metropol AVM
I488800,C263908,54,Female,Powdered milk 26% mg,2,10.46,Credit Card,11/10/2021,Istinye Park
I539167,C205165,23,Male,Powdered milk 18% mg,3,107.52,Cash,16/12/2021,Zorlu Center
I614933,C290106,61,Female,Powdered milk 20% mg,1,300.08,Cash,05/05/2021,Cevahir AVM
I307328,C174747,37,Male,Powdered milk 12% mg,1,300.08,Cash,14/05/2022,Mall of Istanbul
I195795,C191147,43,Female,Skimmed powdered milk,2,10.46,Cash,21/11/2022,Viaport Outlet
I316501,C249906,33,Male,Total powdered milk,4,2400.68,Cash,13/11/2022,Mall of Istanbul
I105482,C129846,18,Male,Yogurt,5,1500.4,Cash,17/08/2021,Mall of Istanbul
I269076,C155333,30,Female,Cultured milk,1,35.84,Debit Card,20/08/2021,Forum Istanbul
I235877,C272155,68,Female,Small cheese,5,179.2,Debit Card,06/03/2021,Mall of Istanbul
I323413,C266213,34,Male,Cheese,1,300.08,Debit Card,09/01/2022,Kanyon
I404845,C622685,34,Female,Cream,1,15.15,Credit Card,09/04/2021,Forum Istanbul
I249846,C832010,59,Female,Butter,2,10.46,Debit Card,17/02/2023,Kanyon
I110354,C288597,22,Female,Powdered whey,5,1500.4,Debit Card,18/08/2022,Mall of Istanbul
I175688,C259229,30,Female,Condensed milk,5,203.3,Debit Card,10/09/2022,Kanyon
I467431,C724217,50,Female,Sweetened condensed milk,3,107.52,Debit Card,25/06/2021,Metropol AVM
I175461,C913425,68,Female,Modified milk,3,15.69,Cash,26/10/2022,Kanyon
I157207,C255828,49,Female,Evaporated milk,1,300.08,Cash,22/02/2022,Cevahir AVM
I193060,C219791,38,Male,chocolate milk,5,179.2,Credit Card,18/05/2022,Mall of Istanbul
I255430,C981925,51,Male,Pasteurized milk 3.0% mg,3,121.98,Debit Card,13/02/2023,Mall of Istanbul
I165932,C237757,44,Male,Pasteurized milk 2.5% mg,3,121.98,Credit Card,04/03/2023,Cevahir AVM
I123656,C238083,64,Male,Skimmed pasteurized milk,2,600.16,Cash,21/04/2022,Kanyon
I338093,C306266,31,Female,Sterilized whole milk,4,1200.32,Credit Card,27/07/2022,Mall of Istanbul
I543510,C199858,34,Female,Sterilized semi-skimmed milk,1,1050,Debit Card,27/01/2022,Kanyon
I177444,C179915,40,Male,Sterilized skimmed milk,3,900.24,Debit Card,09/01/2023,Emaar Square Mall
I248527,C307014,58,Female,Flavored sterilized milk,1,600.17,Credit Card,30/05/2021,Viaport Outlet
I103907,C280853,56,Male,Powdered milk 28% mg,4,1200.32,Cash,04/10/2022,Forum Istanbul
I109766,C106066,57,Female,Powdered milk 26% mg,5,26.15,Cash,06/11/2022,Metrocity
I195981,C257683,38,Female,Powdered milk 18% mg,1,600.17,Credit Card,06/08/2021,Kanyon
I583553,C364009,55,Female,Powdered milk 20% mg,3,35.19,Debit Card,24/11/2021,Mall of Istanbul
